MASTER ITEM NUMBER,PRODUCTS NAME,ITEM NUMBER,ITEM NAME,FABRIC STYLE,FABRIC CODE,FABRIC STYLE/COLOR,CLEANING ADVISORY ONLY ,LEGS ,CU.FT,LBS,BOXES,SHIPPING LEAD TIME,EXW COST,FREE DELIVERED COST,MAP,MSRP,SHIPPING BOX LENGTH,SHIPPING BOX WIDTH,SHIPPING BOX HEIGHT,BED SIZE,SEAT HEIGHT,MATTRESS COMFORT  ,Assembly Required? (YES/NO),SHIPPING BOX LENGTH,SHIPPING BOX WIDTH,SHIPPING BOX HEIGHT,WEIGHT LBS,SHIPPING BOX LENGTH,SHIPPING BOX WIDTH,SHIPPING BOX HEIGHT,WEIGHT LBS,SHIPPING BOX LENGTH,SHIPPING BOX WIDTH,SHIPPING BOX HEIGHT,WEIGHT LBS ,SHIPPING BOX LENGTH,SHIPPING BOX WIDTH,SHIPPING BOX HEIGHT,WEIGHT LBS ,SHIPPING BOX LENGTH,SHIPPING BOX WIDTH,SHIPPING BOX HEIGHT,WEIGHT LBS ,SHIPPING BOX LENGTH,SHIPPING BOX WIDTH,SHIPPING BOX HEIGHT,WEIGHT LBS ,SHIPPING BOX LENGTH,SHIPPING BOX WIDTH,SHIPPING BOX HEIGHT,WEIGHT LBS ,SHIPPING BOX LENGTH,SHIPPING BOX WIDTH,SHIPPING BOX HEIGHT,WEIGHT LBS 
95-741050506-10-3-2,DUBLEXO SOFA DARK WOOD,741050506,"DUBLEXO SOFA SEAT, 45""X83""",ELEGANCE PAPRIKA,506,ELEGANCE PAPRIKA,Dry cleaning,Dark Wood,21.55,137.94,3,6-10 DAYS,$855,$950,"$1,995","$2,185","84""","47""","8""","45""X79""/82""","16""","8"" W/POCKET SPRINGS AND PILLOW TOP",YES,"83 3/4""","47""","9""",107.8,"82""","5 1/4""","2 3/4""",28.60,"10 1/2""","4""","3 1/4""",1.54,,,,,,,,,,,,,,,,,,,,
95-741050521-10-3-2,DUBLEXO SOFA DARK WOOD,741050521,"DUBLEXO SOFA SEAT, 45""X83""",MIXED DANCE GREY,521,MIXED DANCE GREY,Dry cleaning,Dark Wood,21.55,137.94,3,6-10 DAYS,$855,$950,"$1,995","$2,185","84""","47""","8""","45""X79""/82""","16""","8"" W/POCKET SPRINGS AND PILLOW TOP",YES,"83 3/4""","47""","9""",107.8,"82""","5 1/4""","2 3/4""",28.60,"10 1/2""","4""","3 1/4""",1.54,,,,,,,,,,,,,,,,,,,,
95-741050527-10-3-2,DUBLEXO SOFA DARK WOOD,741050527,"DUBLEXO SOFA SEAT, 45""X83""",MIXED DANCE NATURAL,527,MIXED DANCE NATURAL,Dry cleaning,Dark Wood,21.55,137.94,3,6-10 DAYS,$855,$950,"$1,995","$2,185","84""","47""","8""","45""X79""/82""","16""","8"" W/POCKET SPRINGS AND PILLOW TOP",YES,"83 3/4""","47""","9""",107.8,"82""","5 1/4""","2 3/4""",28.60,"10 1/2""","4""","3 1/4""",1.54,,,,,,,,,,,,,,,,,,,,
95-741050XXX-10-3-2,DUBLEXO SOFA DARK WOOD,741050XXX,"DUBLEXO SOFA SEAT, 45""X83""",D.I.Y,DIY,"""DESIGN IT YOURSELF""",Dry cleaning,Dark Wood,21.55,137.94,3,Approx 12-14 WEEKS ,$985,"$1,095","$2,295","$2,515","84""","47""","8""","45""X79""/82""","16""","8"" W/POCKET SPRINGS AND PILLOW TOP",YES,"83 3/4""","47""","9""",107.8,"82""","5 1/4""","2 3/4""",28.60,"10 1/2""","4""","3 1/4""",1.54,,,,,,,,,,,,,,,,,,,,
95-741050506-8-2,DUBLEXO SOFA STAINLESS STEEL,741050506,"DUBLEXO SOFA SEAT, 45""X83""",ELEGANCE PAPRIKA,506,ELEGANCE PAPRIKA,Dry cleaning,Stainless Steel,21.57,136.71,2,6-10 DAYS,$855,$950,"$1,995","$2,185","84""","47""","8""","45""X79""/82""","16""","8"" W/POCKET SPRINGS AND PILLOW TOP",YES,"83 3/4""","47""","9""",107.8,"77""",7 3/4,2 1/4,28.91,,,,,,,,,,,,,,,,,,,,,,,,
95-741050521-8-2,DUBLEXO SOFA STAINLESS STEEL,741050521,"DUBLEXO SOFA SEAT, 45""X83""",MIXED DANCE GREY,521,MIXED DANCE GREY,Dry cleaning,Stainless Steel,21.57,136.71,2,6-10 DAYS,$855,$950,"$1,995","$2,185","84""","47""","8""","45""X79""/82""","16""","8"" W/POCKET SPRINGS AND PILLOW TOP",YES,"83 3/4""","47""","9""",107.8,"77""","7 3/4""","2 1/4""",28.91,,,,,,,,,,,,,,,,,,,,,,,,
95-741050527-8-2,DUBLEXO SOFA STAINLESS STEEL,741050527,"DUBLEXO SOFA SEAT, 45""X83""",MIXED DANCE NATURAL,527,MIXED DANCE NATURAL,Dry cleaning,Stainless Steel,21.57,136.71,2,6-10 DAYS,$855,$950,"$1,995","$2,185","84""","47""","8""","45""X79""/82""","16""","8"" W/POCKET SPRINGS AND PILLOW TOP",YES,"83 3/4""","47""","9""",107.8,"77""","7 3/4""","2 1/4""",28.91,,,,,,,,,,,,,,,,,,,,,,,,
95-741050XXX-8-2,DUBLEXO SOFA STAINLESS STEEL,741050XXX,"DUBLEXO SOFA SEAT, 45""X83""",D.I.Y,DIY,"""DESIGN IT YOURSELF""",Dry cleaning,Stainless Steel,21.55,137.94,3,Approx 12-14 WEEKS ,$985,"$1,095","$2,295","$2,515","84""","47""","8""","45""X79""/82""","16""","8"" W/POCKET SPRINGS AND PILLOW TOP",YES,"83 3/4""","47""","9""",107.8,"77""","7 3/4""","2 1/4""",28.91,,,,,,,,,,,,,,,,,,,,,,,,
95-741051506-10-3-2,DUBLEXO CHAIR DARK WOOD,741051506,"DUBLEXO CHAIR SEAT, 45""X35""",ELEGANCE PAPRIKA,506,ELEGANCE PAPRIKA,Dry cleaning,Dark Wood,9.86,65.34,3,6-10 DAYS,$450,$500,$995,"$1,150","47""","38""","8""","45""X31""/35""","16""","8"" W/POCKET SPRINGS AND PILLOW TOP",YES,"47 1/4""","37 1/2""","7 1/2""",47.52,"35 1/2""","7 1/2""","2 3/4""",16.28,"10 1/2""","4""","3 1/4""",1.54,,,,,,,,,,,,,,,,,,,,
95-741051521-10-3-2,DUBLEXO CHAIR DARK WOOD,741051521,"DUBLEXO CHAIR SEAT, 45""X35""",MIXED DANCE GREY,521,MIXED DANCE GREY,Dry cleaning,Dark Wood,9.86,65.34,3,6-10 DAYS,$450,$500,$995,"$1,150","47""","38""","8""","45""X31""/35""","16""","8"" W/POCKET SPRINGS AND PILLOW TOP",YES,"47 1/4""","37 1/2""","7 1/2""",47.52,"35 1/2""","7 1/2""","2 3/4""",16.28,"10 1/2""","4""","3 1/4""",1.54,,,,,,,,,,,,,,,,,,,,
95-741051527-10-3-2,DUBLEXO CHAIR DARK WOOD,741051527,"DUBLEXO CHAIR SEAT, 45""X35""",MIXED DANCE NATURAL,527,MIXED DANCE NATURAL,Dry cleaning,Dark Wood,9.86,65.34,3,6-10 DAYS,$450,$500,$995,"$1,150","47""","38""","8""","45""X31""/35""","16""","8"" W/POCKET SPRINGS AND PILLOW TOP",YES,"47 1/4""","37 1/2""","7 1/2""",47.52,"35 1/2""","7 1/2""","2 3/4""",16.28,"10 1/2""","4""","3 1/4""",1.54,,,,,,,,,,,,,,,,,,,,
95-741051XXX-10-3-2,DUBLEXO CHAIR DARK WOOD,741051XXX,"DUBLEXO CHAIR SEAT, 45""X35""",D.I.Y,DIY,"""DESIGN IT YOURSELF""",Dry cleaning,Dark Wood,9.86,65.34,3,Approx 12-14 WEEKS ,$520,$575,"$1,145","$1,325","47""","38""","8""","45""X31""/35""","16""","8"" W/POCKET SPRINGS AND PILLOW TOP",YES,"47 1/4""","37 1/2""","7 1/2""",47.52,"35 1/2""","7 1/2""","2 3/4""",16.28,"10 1/2""","4""","3 1/4""",1.54,,,,,,,,,,,,,,,,,,,,
95-741051506-8-2,DUBLEXO CHAIR STAINLESS STEEEL,741051506,"DUBLEXO CHAIR SEAT, 45""X35""",ELEGANCE PAPRIKA,506,ELEGANCE PAPRIKA,Dry cleaning,Stainless Steel,9.71,63.32,2,6-10 DAYS ,$450,$500,$995,"$1,150","47""","38""","8""","45""X31""/35""","16""","8"" W/POCKET SPRINGS AND PILLOW TOP",YES,"47 1/4""","37 1/2""","7 1/2""",47.52,"34 1/2""","7""","3 1/4""",15.8,,,,,,,,,,,,,,,,,,,,,,,,
95-741051521-8-2,DUBLEXO CHAIR STAINLESS STEEEL,741051521,"DUBLEXO CHAIR SEAT, 45""X35""",MIXED DANCE GREY,521,MIXED DANCE GREY,Dry cleaning,Stainless Steel,9.71,63.32,2,6-10 DAYS ,$450,$500,$995,"$1,150","47""","38""","8""","45""X31""/35""","16""","8"" W/POCKET SPRINGS AND PILLOW TOP",YES,"47 1/4""","37 1/2""","7 1/2""",47.52,"34 1/2""","7""","3 1/4""",15.8,,,,,,,,,,,,,,,,,,,,,,,,
95-741051527-8-2,DUBLEXO CHAIR STAINLESS STEEEL,741051527,"DUBLEXO CHAIR SEAT, 45""X35""",MIXED DANCE NATURAL,527,MIXED DANCE NATURAL,Dry cleaning,Stainless Steel,9.71,63.32,2,6-10 DAYS ,$450,$500,$995,"$1,150","47""","38""","8""","45""X31""/35""","16""","8"" W/POCKET SPRINGS AND PILLOW TOP",YES,"47 1/4""","37 1/2""","7 1/2""",47.52,"34 1/2""","7""","3 1/4""",15.8,,,,,,,,,,,,,,,,,,,,,,,,
95-741051XXX-8-2,DUBLEXO CHAIR STAINLESS STEEEL,741051XXX,"DUBLEXO CHAIR SEAT, 45""X35""",D.I.Y,DIY,"""DESIGN IT YOURSELF""",Dry cleaning,Stainless Steel,9.71,63.32,2,Approx 12-14 WEEKS ,$520,$575,"$1,145","$1,325","47""","38""","8""","45""X31""/35""","16""","8"" W/POCKET SPRINGS AND PILLOW TOP",YES,"47 1/4""","37 1/2""","7 1/2""",47.52,"34 1/2""","7""","3 1/4""",15.8,,,,,,,,,,,,,,,,,,,,,,,,
95-74105020506-10-32,"DUBLEXO SOFA DARK WOOD, W/ARMS",741050506,"DUBLEXO SOFA SEAT, 45""X83""",ELEGANCE PAPRIKA,506,ELEGANCE PAPRIKA,Dry cleaning,Dark Wood,26.14,181.83,4,6-10 DAYS ,"$1,055","$1,170","$2,395","$2,695","84""","47""","17.3""","45""X79""/82""","16""","8"" W/POCKET SPRINGS AND PILLOW TOP",YES,"83 3/4""","47""","9""",107.8,"35 3/4""","13 3/4""","16 1/4""",38.61,"96 1/4""","5""","2 1/4""",33.88,"10 1/2""","4""","3 1/4""",1.54,,,,,,,,,,,,,,,,
95-74105020521-10-32,"DUBLEXO SOFA DARK WOOD, W/ARMS",741050521,"DUBLEXO SOFA SEAT, 45""X83""",MIXED DANCE GREY,521,MIXED DANCE GREY,Dry cleaning,Dark Wood,26.14,181.83,4,6-10 DAYS ,"$1,055","$1,170","$2,395","$2,695","84""","47""","17.3""","45""X79""/82""","16""","8"" W/POCKET SPRINGS AND PILLOW TOP",YES,"83 3/4""","47""","9""",107.8,"35 3/4""","13 3/4""","16 1/4""",38.61,"96 1/4""","5""","2 1/4""",33.88,"10 1/2""","4""","3 1/4""",1.54,,,,,,,,,,,,,,,,
95-74105020527-10-32,"DUBLEXO SOFA DARK WOOD, W/ARMS",741050527,"DUBLEXO SOFA SEAT, 45""X83""",MIXED DANCE NATURAL,527,MIXED DANCE NATURAL,Dry cleaning,Dark Wood,26.14,181.83,4,6-10 DAYS ,"$1,055","$1,170","$2,395","$2,695","84""","47""","17.3""","45""X79""/82""","16""","8"" W/POCKET SPRINGS AND PILLOW TOP",YES,"83 3/4""","47""","9""",107.8,"35 3/4""","13 3/4""","16 1/4""",38.61,"96 1/4""","5""","2 1/4""",33.88,"10 1/2""","4""","3 1/4""",1.54,,,,,,,,,,,,,,,,
95-74105020XXX-10-32,"DUBLEXO SOFA DARK WOOD, W/ARMS",741050XXX,"DUBLEXO SOFA SEAT, 45""X83""",D.I.Y,DIY,"""DESIGN IT YOURSELF""",Dry cleaning,Dark Wood,26.14,181.83,4,Approx 12-14 WEEKS ,"$1,215","$1,345","$2,750","$3,095","84""","47""","17.3""","45""X79""/82""","16""","8"" W/POCKET SPRINGS AND PILLOW TOP",YES,"83 3/4""","47""","9""",107.8,"35 3/4""","13 3/4""","16 1/4""",38.61,"96 1/4""","5""","2 1/4""",33.88,"10 1/2""","4""","3 1/4""",1.54,,,,,,,,,,,,,,,,
95-74105020506-8-2,"DUBLEXO SOFA STAINLESS, W/ARMS",741050506,"DUBLEXO SOFA SEAT, 45""X83""",ELEGANCE PAPRIKA,506,ELEGANCE PAPRIKA,Dry cleaning,Stainless Steel,26.38,178.44,3,6-10 DAYS ,"$1,055","$1,170","$2,395","$2,695","84""","47""","17.3""","45""X79""/82""","16""","8"" W/POCKET SPRINGS AND PILLOW TOP",YES,"83 3/4""","47""","9""",107.8,"35 3/4""","13 3/4""","16 1/4""",38.61,"90 1/2""","7 3/4""","2 1/4""",32.03,,,,,,,,,,,,,,,,,,,,
95-74105020521-8-2,"DUBLEXO SOFA STAINLESS, W/ARMS",741050521,"DUBLEXO SOFA SEAT, 45""X83""",MIXED DANCE GREY,521,MIXED DANCE GREY,Dry cleaning,Stainless Steel,26.38,178.44,3,6-10 DAYS ,"$1,055","$1,170","$2,395","$2,695","84""","47""","17.3""","45""X79""/82""","16""","8"" W/POCKET SPRINGS AND PILLOW TOP",YES,"83 3/4""","47""","9""",107.8,"35 3/4""","13 3/4""","16 1/4""",38.61,"90 1/2""","7 3/4""","2 1/4""",32.03,,,,,,,,,,,,,,,,,,,,
95-74105020527-8-2,"DUBLEXO SOFA STAINLESS, W/ARMS",741050527,"DUBLEXO SOFA SEAT, 45""X83""",MIXED DANCE NATURAL,527,MIXED DANCE NATURAL,Dry cleaning,Stainless Steel,26.38,178.44,3,6-10 DAYS ,"$1,055","$1,170","$2,395","$2,695","84""","47""","17.3""","45""X79""/82""","16""","8"" W/POCKET SPRINGS AND PILLOW TOP",YES,"83 3/4""","47""","9""",107.8,"35 3/4""","13 3/4""","16 1/4""",38.61,"90 1/2""","7 3/4""","2 1/4""",32.03,,,,,,,,,,,,,,,,,,,,
95-74105020XXX-8-2,"DUBLEXO SOFA STAINLESS, W/ARMS",7410500XXX,"DUBLEXO SOFA SEAT, 45""X83""",D.I.Y,DIY,"""DESIGN IT YOURSELF""",Dry cleaning,Stainless Steel,26.38,178.44,3,Approx 12-14 WEEKS ,"$1,215","$1,345","$2,750","$3,095","84""","47""","17.3""","45""X79""/82""","16""","8"" W/POCKET SPRINGS AND PILLOW TOP",YES,"83 3/4""","47""","9""",107.8,"35 3/4""","13 3/4""","16 1/4""",38.61,"90 1/2""","7 3/4""","2 1/4""",32.03,,,,,,,,,,,,,,,,,,,,
95-74105027506-7-2,"DUBLEXO FREJ SOFA, SMOKED OAK ",741050506,"DUBLEXO SOFA SEAT, 45""X83""",ELEGANCE PAPRIKA,506,ELEGANCE PAPRIKA,Dry cleaning,Smoked Oak,25.18,160.45,3,6-10 DAYS ,"$1,055","$1,170","$2,395","$2,695","84""","47""","17.3""","45""X79""/82""","16""","8"" W/POCKET SPRINGS AND PILLOW TOP",YES,"83 3/4""","47""","9""",107.8,"85""","5""","3 1/4""",25.96,"41 3/4""","24 3/4""","6 1/4""",26.69,,,,,,,,,,,,,,,,,,,,
95-74105027521-7-2,"DUBLEXO FREJ SOFA, SMOKED OAK ",741050521,"DUBLEXO SOFA SEAT, 45""X83""",MIXED DANCE GREY,521,MIXED DANCE GREY,Dry cleaning,Smoked Oak,25.18,160.45,3,6-10 DAYS ,"$1,055","$1,170","$2,395","$2,695","84""","47""","17.3""","45""X79""/82""","16""","8"" W/POCKET SPRINGS AND PILLOW TOP",YES,"83 3/4""","47""","9""",107.8,"85""","5""","3 1/4""",25.96,"41 3/4""","24 3/4""","6 1/4""",26.69,,,,,,,,,,,,,,,,,,,,
95-74105027527-7-2,"DUBLEXO FREJ SOFA, SMOKED OAK ",741050527,"DUBLEXO SOFA SEAT, 45""X83""",MIXED DANCE NATURAL,527,MIXED DANCE NATURAL,Dry cleaning,Smoked Oak,25.18,160.45,3,6-10 DAYS ,"$1,055","$1,170","$2,395","$2,695","84""","47""","17.3""","45""X79""/82""","16""","8"" W/POCKET SPRINGS AND PILLOW TOP",YES,"83 3/4""","47""","9""",107.8,"85""","5""","3 1/4""",25.96,"41 3/4""","24 3/4""","6 1/4""",26.69,,,,,,,,,,,,,,,,,,,,
95-74105027XXX-7-2,"DUBLEXO FREJ SOFA, SMOKED OAK ",741050XXX,"DUBLEXO SOFA SEAT, 45""X83""",D.I.Y,DIY,"""DESIGN IT YOURSELF""",Dry cleaning,Smoked Oak,25.18,160.45,3,Approx 12-14 WEEKS ,"$1,215","$1,345","$2,750","$3,095","84""","47""","17.3""","45""X79""/82""","16""","8"" W/POCKET SPRINGS AND PILLOW TOP",YES,"83 3/4""","47""","9""",107.8,"85""","5""","3 1/4""",25.96,"41 3/4""","24 3/4""","6 1/4""",26.69,,,,,,,,,,,,,,,,,,,,
95-74105126506-7-2,"DUBLEXO FREJ CHAIR, SMOKED OAK ",741051506,"DUBLEXO CHAIR SEAT, 45""X35""",ELEGANCE PAPRIKA,506,ELEGANCE PAPRIKA,Dry cleaning,Smoked Oak,13.36,86.51,3,6-10 DAYS ,$655,$730,"$1,495","$1,680","47""","38""","8""","45""X31""/35""","16""","8"" W/POCKET SPRINGS AND PILLOW TOP",YES,"47 1/4""","37 1/2""","7 1/2""",47.52,"38 1/4""","4 3/4""","2 3/4""",12.3,"41 3/4""","24 3/4""","6 1/4""",26.69,,,,,,,,,,,,,,,,,,,,
95-74105126521-7-2,"DUBLEXO FREJ CHAIR, SMOKED OAK ",741051521,"DUBLEXO CHAIR SEAT, 45""X35""",MIXED DANCE GREY,521,MIXED DANCE GREY,Dry cleaning,Smoked Oak,13.36,86.51,3,6-10 DAYS ,$655,$730,"$1,495","$1,680","47""","38""","8""","45""X31""/35""","16""","8"" W/POCKET SPRINGS AND PILLOW TOP",YES,"47 1/4""","37 1/2""","7 1/2""",47.52,"38 1/4""","4 3/4""","2 3/4""",12.3,"41 3/4""","24 3/4""","6 1/4""",26.69,,,,,,,,,,,,,,,,,,,,
95-74105126527-7-2,"DUBLEXO FREJ CHAIR, SMOKED OAK ",741051527,"DUBLEXO CHAIR SEAT, 45""X35""",MIXED DANCE NATURAL,527,MIXED DANCE NATURAL,Dry cleaning,Smoked Oak,13.36,86.51,3,6-10 DAYS ,$655,$730,"$1,495","$1,680","47""","38""","8""","45""X31""/35""","16""","8"" W/POCKET SPRINGS AND PILLOW TOP",YES,"47 1/4""","37 1/2""","7 1/2""",47.52,"38 1/4""","4 3/4""","2 3/4""",12.3,"41 3/4""","24 3/4""","6 1/4""",26.69,,,,,,,,,,,,,,,,,,,,
95-74105126XXX-7-2,"DUBLEXO FREJ CHAIR, SMOKED OAK ",741051XXX,"DUBLEXO CHAIR SEAT, 45""X35""",D.I.Y,DIY,"""DESIGN IT YOURSELF""",Dry cleaning,Smoked Oak,13.36,86.51,3,Approx 12-14 WEEKS ,$755,$840,"$1,720","$1,930","47""","38""","8""","45""X31""/35""","16""","8"" W/POCKET SPRINGS AND PILLOW TOP",YES,"47 1/4""","37 1/2""","7 1/2""",47.52,"38 1/4""","4 3/4""","2 3/4""",12.3,"41 3/4""","24 3/4""","6 1/4""",26.69,,,,,,,,,,,,,,,,,,,,
95-74105043506-7-2,"DUBLEXO EIK SOFA, SMOKED OAK ",741050506,"DUBLEXO SOFA SEAT, 45""X83""",ELEGANCE PAPRIKA,506,ELEGANCE PAPRIKA,Dry cleaning,Smoked Oak,22.03,151.76,3,6-10 DAYS ,$900,"$1,000","$1,995","$2,295","84""","47""","17.3""","45""X79""/82""","16""","8"" W/POCKET SPRINGS AND PILLOW TOP",YES,"83 3/4""","47""","9""",107.8,"76 1/2""","5 1/2""","2 3/4""",25.52,"42 3/4""","13 1/4""","1 3/4""",9.24,,,,,,,,,,,,,,,,,,,,
95-74105043521-7-2,"DUBLEXO EIK SOFA, SMOKED OAK ",741050521,"DUBLEXO SOFA SEAT, 45""X83""",MIXED DANCE GREY,521,MIXED DANCE GREY,Dry cleaning,Smoked Oak,22.03,151.76,3,6-10 DAYS ,$900,"$1,000","$1,995","$2,295","84""","47""","17.3""","45""X79""/82""","16""","8"" W/POCKET SPRINGS AND PILLOW TOP",YES,"83 3/4""","47""","9""",107.8,"76 1/2""","5 1/2""","2 3/4""",25.52,"42 3/4""","13 1/4""","1 3/4""",9.24,,,,,,,,,,,,,,,,,,,,
95-74105043527-7-2,"DUBLEXO EIK SOFA, SMOKED OAK ",741050527,"DUBLEXO SOFA SEAT, 45""X83""",MIXED DANCE NATURAL,527,MIXED DANCE NATURAL,Dry cleaning,Smoked Oak,22.03,151.76,3,6-10 DAYS ,$900,"$1,000","$1,995","$2,295","84""","47""","17.3""","45""X79""/82""","16""","8"" W/POCKET SPRINGS AND PILLOW TOP",YES,"83 3/4""","47""","9""",107.8,"76 1/2""","5 1/2""","2 3/4""",25.52,"42 3/4""","13 1/4""","1 3/4""",9.24,,,,,,,,,,,,,,,,,,,,
95-74105043XXX-7-2,"DUBLEXO EIK SOFA, SMOKED OAK ",741050XXX,"DUBLEXO SOFA SEAT, 45""X83""",D.I.Y,DIY,"""DESIGN IT YOURSELF""",Dry cleaning,Smoked Oak,22.03,151.76,3,Approx 12-14 WEEKS ,"$1,035","$1,150","$2,295","$2,645","84""","47""","17.3""","45""X79""/82""","16""","8"" W/POCKET SPRINGS AND PILLOW TOP",YES,"83 3/4""","47""","9""",107.8,"76 1/2""","5 1/2""","2 3/4""",25.52,"42 3/4""","13 1/4""","1 3/4""",9.24,,,,,,,,,,,,,,,,,,,,
95-74105144506-7-2,"DUBLEXO EIK CHAIR, SMOKED OAK ",741051506,"DUBLEXO CHAIR SEAT, 45""X35""",ELEGANCE PAPRIKA,506,ELEGANCE PAPRIKA,Dry cleaning,Smoked Oak,8.47,74.91,3,6-10 DAYS ,$585,$650,"$1,295","$1,495","47""","38""","8""","45""X31""/35""","16""","8"" W/POCKET SPRINGS AND PILLOW TOP",YES,"47 1/4""","37 1/2""","7 1/2""",47.52,"29 1/4""","6""","2 3/4""",11,"42 3/4""","13 1/4""","1 3/4""",9.24,,,,,,,,,,,,,,,,,,,,
95-74105144521-7-2,"DUBLEXO EIK CHAIR, SMOKED OAK ",741051521,"DUBLEXO CHAIR SEAT, 45""X35""",MIXED DANCE GREY,521,MIXED DANCE GREY,Dry cleaning,Smoked Oak,8.47,74.91,3,6-10 DAYS ,$585,$650,"$1,295","$1,495","47""","38""","8""","45""X31""/35""","16""","8"" W/POCKET SPRINGS AND PILLOW TOP",YES,"47 1/4""","37 1/2""","7 1/2""",47.52,"29 1/4""","6""","2 3/4""",11,"42 3/4""","13 1/4""","1 3/4""",9.24,,,,,,,,,,,,,,,,,,,,
95-74105144527-7-2,"DUBLEXO EIK CHAIR, SMOKED OAK ",741051527,"DUBLEXO CHAIR SEAT, 45""X35""",MIXED DANCE NATURAL,527,MIXED DANCE NATURAL,Dry cleaning,Smoked Oak,8.47,74.91,3,6-10 DAYS ,$585,$650,"$1,295","$1,495","47""","38""","8""","45""X31""/35""","16""","8"" W/POCKET SPRINGS AND PILLOW TOP",YES,"47 1/4""","37 1/2""","7 1/2""",47.52,"29 1/4""","6""","2 3/4""",11,"42 3/4""","13 1/4""","1 3/4""",9.24,,,,,,,,,,,,,,,,,,,,
95-74105144XXX-7-2,"DUBLEXO EIK CHAIR, SMOKED OAK ",741051XXX,"DUBLEXO CHAIR SEAT, 45""X35""",D.I.Y,DIY,"""DESIGN IT YOURSELF""",Dry cleaning,Smoked Oak,8.47,74.91,3,Approx 12-14 WEEKS ,$675,$750,"$1,490","$1,720","47""","38""","8""","45""X31""/35""","16""","8"" W/POCKET SPRINGS AND PILLOW TOP",YES,"47 1/4""","37 1/2""","7 1/2""",47.52,"29 1/4""","6""","2 3/4""",11,"42 3/4""","13 1/4""","1 3/4""",9.24,,,,,,,,,,,,,,,,,,,,
95-585004020580-01-2,COSIAL SOFA BED W/ARM RESTS,585004580-01,"COMPACT LIFTER SEATS/FRONT, 63""X77""",ARGUS NAVY BLUE,580,ARGUS NAVY BLUE,Dry cleaning,Black metal,42.6,288.2,3,6-10 DAYS ,"$1,500","$1,670","$3,295","$3,845","65""","36""","15""","63""x77""","17""","7"" W/POCKET SPRINGS",YES,"65""","36""","15""",105.6,"66""","32 1/2""","11 1/2""",110,"42 1/2""","25""","13 1/2""",72.6,,,,,,,,,,,,,,,,,,,,
95-585004020590-01-2,COSIAL SOFA BED W/ARM RESTS,585004590-01,"COMPACT LIFTER SEATS/FRONT, 63""X77""",MICRO CHECK GREY,590,MICRO CHECK GREY,Dry cleaning,Black metal,42.6,288.2,3,6-10 DAYS ,"$1,500","$1,670","$3,295","$3,845","65""","36""","15""","63""x77""","17""","7"" W/POCKET SPRINGS",YES,"65""","36""","15""",105.6,"66""","32 1/2""","11 1/2""",110,"42 1/2""","25""","13 1/2""",72.6,,,,,,,,,,,,,,,,,,,,
95-585004020XXX-01-2,COSIAL SOFA BED W/ARM RESTS,585004XXX-01,"COMPACT LIFTER SEATS/FRONT, 63""X77""",D.I.Y,DIY,"""DESIGN IT YOURSELF""",Dry cleaning,Black metal,42.6,288.2,3,Approx 12-14 WEEKS ,"$1,725","$1,920","$3,775","$4,425","65""","36""","15""","63""x77""","17""","7"" W/POCKET SPRINGS",YES,"65""","36""","15""",105.6,"66""","32 1/2""","11 1/2""",110,"42 1/2""","25""","13 1/2""",72.6,,,,,,,,,,,,,,,,,,,,
95-744002521-0-2,"CUBED SOFA 02 CHROME, FULL",744002521-01-2,"CUBED SOFA FRONT/MIDDLE SEAT, 55""X79""",MIXED DANCE GREY,521,MIXED DANCE GREY,Dry cleaning,Chrome legs ,23.01,137.13,3,6-10 DAYS ,"$1,065","$1,185","$2,375","$2,725","57,5""","41,5""","15.5""","55""X79""","15""",Comfort: No-sag spring and Freon-free foam ,YES,"57""","31""","15 1/4""",87.63,"57 1/4""","26 1/4""","7 1/2""",31.9,"42 1/2""","12 1/2""","2 1/4""",17.6,,,,,,,,,,,,,,,,,,,,
95-744002527-0-2,"CUBED SOFA 02 CHROME, FULL",744002527-01-2,"CUBED SOFA FRONT/MIDDLE SEAT, 55""X79""",MIXED DANCE NATURAL,527,MIXED DANCE NATURAL,Dry cleaning,Chrome legs ,23.01,137.13,3,6-10 DAYS ,"$1,065","$1,185","$2,375","$2,725","57,5""","41,5""","15.5""","55""X79""","15""",Comfort: No-sag spring and Freon-free foam ,YES,"57""","31""","15 1/4""",87.63,"57 1/4""","26 1/4""","7 1/2""",31.9,"42 1/2""","12 1/2""","2 1/4""",17.6,,,,,,,,,,,,,,,,,,,,
95-744002XXX-0-2,"CUBED SOFA 02 CHROME, FULL",744002XXX-01-2,"CUBED SOFA FRONT/MIDDLE SEAT, 55""X79""",D.I.Y,DIY,"""DESIGN IT YOURSELF""",Dry cleaning,Chrome legs ,23.01,137.13,3,Approx 12-14 WEEKS ,"$1,225","$1,365","$2,750","$3,135","57,5""","41,5""","15.5""","55""X79""","15""",Comfort: No-sag spring and Freon-free foam ,YES,"57""","31""","15 1/4""",87.63,"57 1/4""","26 1/4""","7 1/2""",31.9,"42 1/2""","12 1/2""","2 1/4""",17.6,,,,,,,,,,,,,,,,,,,,
95-744002521-3-2,"CUBED SOFA 02, DARK WOOD, FULL",744002521-01-2,"CUBED SOFA FRONT/MIDDLE SEAT, 55""X79""",MIXED DANCE GREY,521,MIXED DANCE GREY,Dry cleaning,Dark Wood,23.01,137.13,3,6-10 DAYS ,"$1,235","$1,370","$2,755","$3,150","57,5""","41,5""","15.5""","55""X79""","15""",Comfort: No-sag spring and Freon-free foam ,YES,"57""","31""","15 1/4""",87.63,"57 1/4""","26 1/4""","7 1/2""",31.9,"42 1/2""","12 1/2""","2 1/4""",17.6,,,,,,,,,,,,,,,,,,,,
95-744002527-3-2,"CUBED SOFA 02, DARK WOOD, FULL",744002527-01-2,"CUBED SOFA FRONT/MIDDLE SEAT, 55""X79""",MIXED DANCE NATURAL,527,MIXED DANCE NATURAL,Dry cleaning,Dark Wood,23.01,137.13,3,6-10 DAYS ,"$1,235","$1,370","$2,755","$3,150","57,5""","41,5""","15.5""","55""X79""","15""",Comfort: No-sag spring and Freon-free foam ,YES,"57""","31""","15 1/4""",87.63,"57 1/4""","26 1/4""","7 1/2""",31.9,"42 1/2""","12 1/2""","2 1/4""",17.6,,,,,,,,,,,,,,,,,,,,
95-744002XXX-3-2,"CUBED SOFA 02, DARK WOOD, FULL",744002XXX-01-2,"CUBED SOFA FRONT/MIDDLE SEAT, 55""X79""",D.I.Y,DIY,"""DESIGN IT YOURSELF""",Dry cleaning,Dark Wood,23.01,137.13,3,Approx 12-14 WEEKS ,"$1,415","$1,575","$3,165","$3,625","57,5""","41,5""","15.5""","55""X79""","15""",Comfort: No-sag spring and Freon-free foam ,YES,"57""","31""","15 1/4""",87.63,"57 1/4""","26 1/4""","7 1/2""",31.9,"42 1/2""","12 1/2""","2 1/4""",17.6,,,,,,,,,,,,,,,,,,,,
95-744002521-6-2,"CUBED SOFA 02, ALUMINUM, FULL",744002521-01-2,"CUBED SOFA FRONT/MIDDLE SEAT, 55""X79""",MIXED DANCE GREY,521,MIXED DANCE GREY,Dry cleaning,Aluminum,23.39,133.42,3,6-10 DAYS ,"$1,235","$1,370","$2,755","$3,150","57,5""","41,5""","15.5""","55""X79""","15""",Comfort: No-sag spring and Freon-free foam ,YES,"57""","31""","15 1/4""",87.63,"57 1/4""","26 1/4""","7 1/2""",31.9,"38.2""","13.2""","3.3""",18.92,,,,,,,,,,,,,,,,,,,,
95-744002527-6-2,"CUBED SOFA 02, ALUMINUM, FULL",744002527-01-2,"CUBED SOFA FRONT/MIDDLE SEAT, 55""X79""",MIXED DANCE NATURAL,527,MIXED DANCE NATURAL,Dry cleaning,Aluminum,23.39,133.42,3,6-10 DAYS ,"$1,235","$1,370","$2,755","$3,150","57,5""","41,5""","15.5""","55""X79""","15""",Comfort: No-sag spring and Freon-free foam ,YES,"57""","31""","15 1/4""",87.63,"57 1/4""","26 1/4""","7 1/2""",31.9,"38.2""","13.2""","3.3""",18.92,,,,,,,,,,,,,,,,,,,,
95-744002XXX-6-2,"CUBED SOFA 02, ALUMINUM, FULL",744002XXX-01-2,"CUBED SOFA FRONT/MIDDLE SEAT, 55""X79""",D.I.Y,DIY,"""DESIGN IT YOURSELF""",Dry cleaning,Aluminum,23.39,133.42,3,Approx 12-14 WEEKS ,"$1,415","$1,575","$3,165","$3,625","57,5""","41,5""","15.5""","55""X79""","15""",Comfort: No-sag spring and Freon-free foam ,YES,"57""","31""","15 1/4""",87.63,"57 1/4""","26 1/4""","7 1/2""",31.9,"38.2""","13.2""","3.3""",18.92,,,,,,,,,,,,,,,,,,,,
95-744002020521-2,"CUBED SOFA 02, W/ARMS, FULL",744002521-01-2,"CUBED DELUXE SEAT+MIDDLE SEAT 55"" X 79""",MIXED DANCE GREY,521,MIXED DANCE GREY,Dry cleaning,Black Steel ,25.79,177.1,4,6-10 DAYS ,"$1,180","$1,310","$2,650","$3,015","57,5""","41,5""","15.5""","55""X79""","15""",Comfort: No-sag spring and Freon-free foam ,YES,"57 3/4""","30 3/4""","7 1/2""",86.25,"57 1/2""","26 3/4""","14 1/2""",31.9,"37""","22 3/4""","5 1/2""",33.44,"70""","13 1/2""","1 1/2""",25.52,,,,,,,,,,,,,,,,
95-744002020527-2,"CUBED SOFA 02, W/ARMS, FULL",744002527-01-2,"CUBED DELUXE SEAT+MIDDLE SEAT 55"" X 79""",MIXED DANCE NATURAL,527,MIXED DANCE NATURAL,Dry cleaning,Black Steel ,25.79,177.1,4,6-10 DAYS ,"$1,180","$1,310","$2,650","$3,015","57,5""","41,5""","15.5""","55""X79""","15""",Comfort: No-sag spring and Freon-free foam ,YES,"57 3/4""","30 3/4""","7 1/2""",86.25,"57 1/2""","26 3/4""","14 1/2""",31.9,"37""","22 3/4""","5 1/2""",33.44,"70""","13 1/2""","1 1/2""",25.52,,,,,,,,,,,,,,,,
95-744002020XXX-2,"CUBED SOFA 02, W/ARMS, FULL",7440002XXX-01-2,"CUBED DELUXE SEAT+MIDDLE SEAT 55"" X 79""",D.I.Y,DIY,"""DESIGN IT YOURSELF""",Dry cleaning,Black Steel ,25.79,177.1,4,Approx 12-14 WEEKS ,"$1,355","$1,495","$3,050","$3,465","57,5""","41,5""","15.5""","55""X79""","15""",Comfort: No-sag spring and Freon-free foam ,YES,"57 3/4""","30 3/4""","7 1/2""",86.25,"57 1/2""","26 3/4""","14 1/2""",31.9,"37""","22 3/4""","5 1/2""",33.44,"70""","13 1/2""","1 1/2""",25.52,,,,,,,,,,,,,,,,
95-744029521-0-2,"CUBED SOFA 02 CHROME, QUEEN",744029521-01-2,"CUBED DELUXE SEAT+MIDDLE SEAT 60"" X 79""",MIXED DANCE GREY,521,MIXED DANCE GREY,Dry cleaning,Chrome legs ,26.16,145.2,3,6-10 DAYS ,"$1,165","$1,295","$2,625","$2,980","62""","41,5""","15.5""","55""X79""","15""",Comfort: No-sag spring and Freon-free foam ,YES,"65""","31""","15 1/4""",92.4,"65""","26 1/4""","7 1/2""",35.2,"42 1/2""","12 1/2""","2 1/4""",17.6,,,,,,,,,,,,,,,,,,,,
95-744029527-0-2,"CUBED SOFA 02 CHROME, QUEEN",744029527-01-2,"CUBED DELUXE SEAT+MIDDLE SEAT 60"" X 79""",MIXED DANCE NATURAL,527,MIXED DANCE NATURAL,Dry cleaning,Chrome legs ,26.16,145.2,3,6-10 DAYS ,"$1,165","$1,295","$2,625","$2,980","62""","41,5""","15.5""","55""X79""","15""",Comfort: No-sag spring and Freon-free foam ,YES,"65""","31""","15 1/4""",92.4,"65""","26 1/4""","7 1/2""",35.2,"42 1/2""","12 1/2""","2 1/4""",17.6,,,,,,,,,,,,,,,,,,,,
95-744029XXX-0-2,"CUBED SOFA 02 CHROME, QUEEN",744029XXX-01-2,"CUBED DELUXE SEAT+MIDDLE SEAT 60"" X 79""",D.I.Y,DIY,"""DESIGN IT YOURSELF""",Dry cleaning,Chrome legs ,26.16,145.2,3,Approx 12-14 WEEKS ,"$1,340","$1,490","$3,020","$3,430","62""","41,5""","15.5""","55""X79""","15""",Comfort: No-sag spring and Freon-free foam ,YES,"65""","31""","15 1/4""",92.4,"65""","26 1/4""","7 1/2""",35.2,"42 1/2""","12 1/2""","2 1/4""",17.6,,,,,,,,,,,,,,,,,,,,
95-744029521-3-2,"CUBED SOFA 02 DARK WOOD,  QUEEN",744029521-01-2,"CUBED DELUXE SEAT+MIDDLE SEAT 60"" X 79""",MIXED DANCE GREY,521,MIXED DANCE GREY,Dry cleaning,Dark Wood,26.16,145.2,3,6-10 DAYS ,"$1,350","$1,500","$2,995","$3,450","62""","41,5""","15.5""","55""X79""","15""",Comfort: No-sag spring and Freon-free foam ,YES,"65""","31""","15 1/4""",92.4,"65""","26 1/4""","7 1/2""",35.2,"42 1/2""","12 1/2""","2 1/4""",17.6,,,,,,,,,,,,,,,,,,,,
95-744029527-3-2,"CUBED SOFA 02 DARK WOOD,  QUEEN",744029527-01-2,"CUBED DELUXE SEAT+MIDDLE SEAT 60"" X 79""",MIXED DANCE NATURAL,527,MIXED DANCE NATURAL,Dry cleaning,Dark Wood,26.16,145.2,3,6-10 DAYS ,"$1,350","$1,500","$2,995","$3,450","62""","41,5""","15.5""","55""X79""","15""",Comfort: No-sag spring and Freon-free foam ,YES,"65""","31""","15 1/4""",92.4,"65""","26 1/4""","7 1/2""",35.2,"42 1/2""","12 1/2""","2 1/4""",17.6,,,,,,,,,,,,,,,,,,,,
95-744029XXX-3-2,"CUBED SOFA 02 DARK WOOD,  QUEEN",744029XXX-01-2,"CUBED DELUXE SEAT+MIDDLE SEAT 60"" X 79""",D.I.Y,DIY,"""DESIGN IT YOURSELF""",Dry cleaning,Dark Wood,26.16,145.2,3,Approx 12-14 WEEKS ,"$1,550","$1,725","$3,445","$3,970","62""","41,5""","15.5""","55""X79""","15""",Comfort: No-sag spring and Freon-free foam ,YES,"65""","31""","15 1/4""",92.4,"65""","26 1/4""","7 1/2""",35.2,"42 1/2""","12 1/2""","2 1/4""",17.6,,,,,,,,,,,,,,,,,,,,
95-744029521-6-2,"CUBED SOFA 02 ALUMINUM,  QUEEN",744029521-01-2,"CUBED DELUXE SEAT+MIDDLE SEAT 60"" X 79""",MIXED DANCE GREY,521,MIXED DANCE GREY,Dry cleaning,Aluminum,26.34,146.52,3,6-10 DAYS ,"$1,350","$1,500","$2,995","$3,450","62""","41,5""","15.5""","55""X79""","15""",Comfort: No-sag spring and Freon-free foam ,YES,"65""","31""","15 1/4""",92.4,"65""","26 1/4""","7 1/2""",35.2,"38.2""","13.2""","3.3""",18.92,,,,,,,,,,,,,,,,,,,,
95-744029527-6-2,"CUBED SOFA 02 ALUMINUM,  QUEEN",744029527-01-2,"CUBED DELUXE SEAT+MIDDLE SEAT 60"" X 79""",MIXED DANCE NATURAL,527,MIXED DANCE NATURAL,Dry cleaning,Aluminum,26.34,146.52,3,6-10 DAYS ,"$1,350","$1,500","$2,995","$3,450","62""","41,5""","15.5""","55""X79""","15""",Comfort: No-sag spring and Freon-free foam ,YES,"65""","31""","15 1/4""",92.4,"65""","26 1/4""","7 1/2""",35.2,"38.2""","13.2""","3.3""",18.92,,,,,,,,,,,,,,,,,,,,
95-744029XXX-6-2,"CUBED SOFA 02 ALUMINUM,  QUEEN",744029XXX-01-2,"CUBED DELUXE SEAT+MIDDLE SEAT 60"" X 79""",D.I.Y,DIY,"""DESIGN IT YOURSELF""",Dry cleaning,Aluminum,26.34,146.52,3,Approx 12-14 WEEKS ,"$1,550","$1,725","$3,445","$3,970","62""","41,5""","15.5""","55""X79""","15""",Comfort: No-sag spring and Freon-free foam ,YES,"65""","31""","15 1/4""",92.4,"65""","26 1/4""","7 1/2""",35.2,"38.2""","13.2""","3.3""",18.92,,,,,,,,,,,,,,,,,,,,
95-744029020521-2,"CUBED SOFA 02, W/ARMS, QUEEN",744029521-01-2,"CUBED DELUXE SEAT+MIDDLE SEAT 60"" X 79""",MIXED DANCE GREY,521,MIXED DANCE GREY,Dry cleaning,Black Steel ,30.18,,,6-10 DAYS ,"$1,300","$1,445","$2,895","$3,325","62""","41,5""","15.5""","55""X79""","15""",Comfort: No-sag spring and Freon-free foam ,YES,"65""","31""","15 1/4""",92.4,"65""","26 1/4""","7 1/2""",35.2,"37""","22 3/4""","5 1/2""",33.44,"70""","13 3/4""",1 1/2,25.96,,,,,,,,,,,,,,,,
95-744029020527-2,"CUBED SOFA 02, W/ARMS, QUEEN",744029527-01-2,"CUBED DELUXE SEAT+MIDDLE SEAT 60"" X 79""",MIXED DANCE NATURAL,527,MIXED DANCE NATURAL,Dry cleaning,Black Steel ,30.18,,,6-10 DAYS ,"$1,300","$1,445","$2,895","$3,325","62""","41,5""","15.5""","55""X79""","15""",Comfort: No-sag spring and Freon-free foam ,YES,"65""","31""","15 1/4""",92.4,"65""","26 1/4""","7 1/2""",35.2,"37""","22 3/4""","5 1/2""",33.44,"70""","13 3/4""",1 1/2,25.96,,,,,,,,,,,,,,,,
95-744029020XXX-2,"CUBED SOFA 02, W/ARMS, QUEEN",744029XXX-01-2,"CUBED DELUXE SEAT+MIDDLE SEAT 60"" X 79""",D.I.Y,DIY,"""DESIGN IT YOURSELF""",Dry cleaning,Black Steel ,30.18,,,Approx 12-14 WEEKS ,"$1,495","$1,650","$3,330","$3,825","62""","41,5""","15.5""","55""X79""","15""",Comfort: No-sag spring and Freon-free foam ,YES,"65""","31""","15 1/4""",92.4,"65""","26 1/4""","7 1/2""",35.2,"37""","22 3/4""","5 1/2""",33.44,"70""","13 3/4""",1 1/2,25.96,,,,,,,,,,,,,,,,
95-592160565D-02-4,KILLIAN DUAL SOFA,592160565-01-4,"SL-3-FOLD SEAT/BACK/LEGS, BLACK, 63""X77""",TWIST GRANITE,565,TWIST GRANITE,Dry cleaning,,50.0303,297.506,4,6-10 DAYS,"$1,665","$1,850","$3,595","$4,255","72.75""","28""","7.75""","63""x77""","16.5""","1.5"" MEMORY FOAM/3"" HIGH DENSITY FOAM",YES,"72.75""","28""","7.75""",62.92,"72.5""","19""","14.25""",49.78,"38.75""","38.25""","14""","23.5""","72.75""","35.5""","15""",129.8,,,,,,,,,,,,,,,,
95-592160579D-02-4,KILLIAN DUAL SOFA,592160579-01-4,"SL-3-FOLD SEAT/BACK/LEGS, BLACK, 63""X77""",KENYA GRAVEL,565,KENYA GRAVEL,Dry cleaning,,50.0303,297.506,4,6-10 DAYS,"$1,665","$1,850","$3,595","$4,255","72.75""","28""","7.75""","63""x77""","16.5""","1.5"" MEMORY FOAM/3"" HIGH DENSITY FOAM",YES,"72.75""","28""","7.75""",62.92,"72.5""","19""","14.25""",49.78,"38.75""","38.25""","14""","23.5""","72.75""","35.5""","15""",129.8,,,,,,,,,,,,,,,,
95-592160565D-01-4,EIVOR DUAL SOFA,592160565-01-4,"SL-3-FOLD SEAT/BACK/LEGS, BLACK, 63""X77""",TWIST GRANITE,565,TWIST GRANITE,Dry cleaning,,45.9373,282.106,4,6-10 DAYS,"$1,575","$1,750","$3,325","$4,025","72.75""","28""","7.75""","63""x77""","16.5""","1.5"" MEMORY FOAM/3"" HIGH DENSITY FOAM",YES,"72.75""","28""","7.75""",62.92,"72.5""","19""","14.25""",49.78,"38.4""","23.5""","5.7""",41.36,"72.75""","35.5""","15""",129.8,,,,,,,,,,,,,,,,
95-592160579D-01-4,EIVOR DUAL SOFA,592160579-01-4,"SL-3-FOLD SEAT/BACK/LEGS, BLACK, 63""X77""",KENYA GRAVEL,565,KENYA GRAVEL,Dry cleaning,,45.9373,282.106,4,6-10 DAYS,"$1,575","$1,750","$3,325","$4,025","72.75""","28""","7.75""","63""x77""","16.5""","1.5"" MEMORY FOAM/3"" HIGH DENSITY FOAM",YES,"72.75""","28""","7.75""",62.92,"72.5""","19""","14.25""",49.78,"38.4""","23.5""","5.7""",41.36,"72.75""","35.5""","15""",129.8,,,,,,,,,,,,,,,,
95-740021216-2-10-3,"ZEAL SOFA, DARK WOOD",740021216-2,"ZEAL SOFA SEAT, INCL. CUSHION COVER",FLASHTEX GREY,216,FLASHTEX DARK GREY,Dry cleaning,Dark Wood,11.92,82.5,2,6-10 DAYS ,$520,$575,"$1,095","$1,295","84""","32""","7.5""","28""X79""","15""","7"" W/POCKET SPRINGS",YES,"80 3/4""","30""","6 3/4""",72.6,"44 3/4""","9 3/4""","9 3/4""",9.9,,,,,,,,,,,,,,,,,,,,,,,,
95-740021525-2-10-3,ZEAL SOFA DARK WOOD,740021525-2,"ZEAL SOFA SEAT, INCL. CUSHION COVER",MIXED DANCE LIGHT BLUE,525,MIXED DANCE LIGHT BLUE,Dry cleaning,Dark Wood,11.92,82.5,2,6-10 DAYS ,$520,$575,"$1,095","$1,295","84""","32""","7.5""","28""X79""","15""","7"" W/POCKET SPRINGS",YES,"80 3/4""","30""","6 3/4""",72.6,"44 3/4""","9 3/4""","9 3/4""",9.9,,,,,,,,,,,,,,,,,,,,,,,,
95-740021554-2-10-3,ZEAL SOFA DARK WOOD,740021554-2,"ZEAL SOFA SEAT, INCL. CUSHION COVER",SOFT MUSTARD FLOWER,554,SOFT MUSTARD FLOWER,Dry cleaning,Dark Wood,11.92,82.5,2,6-10 DAYS ,$520,$575,"$1,095","$1,295","84""","32""","7.5""","28""X79""","15""","7"" W/POCKET SPRINGS",YES,"80 3/4""","30""","6 3/4""",72.6,"44 3/4""","9 3/4""","9 3/4""",9.9,,,,,,,,,,,,,,,,,,,,,,,,
95-740021XXX-2-10-3,ZEAL SOFA DARK WOOD,740021XXX-2,"ZEAL SOFA SEAT, INCL. CUSHION COVER",D.I.Y,DIY,"""DESIGN IT YOURSELF""",Dry cleaning,Dark Wood,11.92,82.5,2,Approx 12-14 WEEKS ,$600,$665,"$1,265","$1,525","84""","32""","7.5""","28""X79""","15""","7"" W/POCKET SPRINGS",YES,"80 3/4""","30""","6 3/4""",72.6,"44 3/4""","9 3/4""","9 3/4""",9.9,,,,,,,,,,,,,,,,,,,,,,,,
95-740021216-2-19-6,"ZEAL SOFA, ALUMINUM",740021216-2,"ZEAL SOFA SEAT, INCL. CUSHION COVER",FLASHTEX GREY,216,FLASHTEX DARK GREY,Dry cleaning,Aluminum,11.58,70.86,2,6-10 DAYS ,$520,$575,"$1,095","$1,295","84""","32""","7.5""","28""X79""","15""","7"" W/POCKET SPRINGS",YES,"80 3/4""","30""","6 3/4""",72.6,"44 3/4""","9 3/4""","9 3/4""",13.86,,,,,,,,,,,,,,,,,,,,,,,,
95-740021525-2-19-6,"ZEAL SOFA, ALUMINUM",740021525-2,"ZEAL SOFA SEAT, INCL. CUSHION COVER",MIXED DANCE LIGHT BLUE,525,MIXED DANCE LIGHT BLUE,Dry cleaning,Aluminum,11.58,70.86,2,6-10 DAYS ,$520,$575,"$1,095","$1,295","84""","32""","7.5""","28""X79""","15""","7"" W/POCKET SPRINGS",YES,"80 3/4""","30""","6 3/4""",72.6,"44 3/4""","9 3/4""","9 3/4""",13.86,,,,,,,,,,,,,,,,,,,,,,,,
95-740021554-2-19-6,"ZEAL SOFA, ALUMINUM",740021554-2,"ZEAL SOFA SEAT, INCL. CUSHION COVER",SOFT MUSTARD FLOWER,554,SOFT MUSTARD FLOWER,Dry cleaning,Aluminum,11.58,70.86,2,6-10 DAYS ,$520,$575,"$1,095","$1,295","84""","32""","7.5""","28""X79""","15""","7"" W/POCKET SPRINGS",YES,"80 3/4""","30""","6 3/4""",72.6,"44 3/4""","9 3/4""","9 3/4""",13.86,,,,,,,,,,,,,,,,,,,,,,,,
95-740021XXX-2-19-6,"ZEAL SOFA, ALUMINUM",740021XXX-2,"ZEAL SOFA SEAT, INCL. CUSHION COVER",D.I.Y,DIY,"""DESIGN IT YOURSELF""",Dry cleaning,Aluminum,11.58,70.86,2,Approx 12-14 WEEKS ,$600,$665,"$1,265","$1,520","84""","32""","7.5""","28""X79""","15""","7"" W/POCKET SPRINGS",YES,"80 3/4""","30""","6 3/4""",72.6,"44 3/4""","9 3/4""","9 3/4""",13.86,,,,,,,,,,,,,,,,,,,,,,,,
,,772001507-10-3-2,"UNFURL SOFA 55""X79"" , DARK WOOD LEGS",ELEGANCE BURNED CURRY,507,ELEGANCE BURNED CURRY,Dry cleaning,Dark Wood,17.22,114.4,1,6-10 DAYS ,$675,$750,"$1,495","$1,725","84""","47,5""","7,5""","43""X79""","15""","7"" W/POCKET SPRINGS",YES,"80 3/4""","48 1/2""","7 1/2""",114.4,,,,,,,,,,,,,,,,,,,,,,,,,,,,
`,,772001521-10-3-2,"UNFURL SOFA 55""X79"" , DARK WOOD LEGS",MIXED DANCE GREY,521,MIXED DANCE GREY,Dry cleaning,Dark Wood,17.22,114.4,1,6-10 DAYS ,$675,$750,"$1,495","$1,725","84""","47,5""","7,5""","43""X79""","15""","7"" W/POCKET SPRINGS",YES,"80 3/4""","48 1/2""","7 1/2""",114.4,,,,,,,,,,,,,,,,,,,,,,,,,,,,
`,,772001534-10-3-2,"UNFURL SOFA 55""X79"" , DARK WOOD LEGS",BOUCLE BLACK RAVEN,534,BOUCLE BLACK RAVEN,Dry cleaning,Dark Wood,17.22,114.4,1,6-10 DAYS ,$675,$750,"$1,495","$1,725","84""","47,5""","7,5""","43""X79""","15""","7"" W/POCKET SPRINGS",YES,"80 3/4""","48 1/2""","7 1/2""",114.4,,,,,,,,,,,,,,,,,,,,,,,,,,,,
,,772001XXX-10-3-2,"UNFURL SOFA 55""X79"" , DARK WOOD LEGS",D.I.Y,DIY,"""DESIGN IT YOURSELF""",Dry cleaning,Dark Wood,17.22,114.4,1,Approx 12-14 WEEKS ,$775,$865,"$1,720","$1,985","84""","47,5""","7,5""","43""X79""","15""","7"" W/POCKET SPRINGS",YES,"80 3/4""","48 1/2""","7 1/2""",114.4,,,,,,,,,,,,,,,,,,,,,,,,,,,,
95-7720125595-10-3-2,"UNFURL LOUNGER SOFA, DARK WOOD",772012595-10-3-2,"UNFURL SOFA 55""X79"" , DARK WOOD LEGS",CORDUROY BURNT ORANGE,595,CORDUROY BURNT ORANGE,Dry cleaning,Dark Wood,27.52,139.92,2,6-10 DAYS ,$830,$920,"$1,995","$2,095","81.5""","59""","7.5""","55""x79""","15""","7"" W/POCKET SPRINGS",YES,"81 1/2""","58 3/4""","7 1/2""",125.4,"40 1/2""","18 1/2""","15 1/2""",14.52,,,,,,,,,,,,,,,,,,,,,,,,
95-772012XXX-10-3-2,"UNFURL LOUNGER SOFA, DARK WOOD",772012XXX-10-3-2,"UNFURL SOFA 55""X79"" , DARK WOOD LEGS",DIY,DIY,"""DESIGN IT YOURSELF""",Dry cleaning,Dark Wood,27.52,139.92,2,Approx 12-14 WEEKS ,$955,"$1,060","$2,295","$2,395","81.5""","59""","7.5""","55""x79""","15""","7"" W/POCKET SPRINGS",YES,"81 1/2""","58 3/4""","7 1/2""",125.4,"40 1/2""","18 1/2""","15 1/2""",14.52,,,,,,,,,,,,,,,,,,,,,,,,
95-543115586-2,"YONATA SOFA, BLACK METAL LEGS",543115586-01,"YONATA SOFA SEAT, 57""X79""",PHOBOS LATTE,586,PHOBOS LATTE,Machine washable on low heat,Black metal,39.1993,192.5,2,6-10 DAYS,"$1,350","$1,500","$2,995","$3,450","82""","34""","14""","55""x79""","15""","10""  W/POCKET SPRINGS",YES,"82""","34""","14""",81.4,"81""","32""","11 1/2""",111.1,,,,,,,,,,,,,,,,,,,,,,,,
95-543115XXX-2,"YONATA SOFA, BLACK METAL LEGS",543115XXX-01,"YONATA SOFA SEAT, 57""X79""",D.I.Y,DIY,"""DESIGN IT YOURSELF""",Machine washable on low heat,Black metal,39.1993,192.5,2,6-10 DAYS,"$1,550","$1,725","$3,445","$3,970","82""","34""","14""","55""x79""","15""","10""  W/POCKET SPRINGS",YES,"82""","34""","14""",81.4,"81""","32""","11 1/2""",111.1,,,,,,,,,,,,,,,,,,,,,,,,
,,543115BXXX,YONATA DETACH SOFA/CUSHION COVERS,D.I.Y,DIY,"""DESIGN IT YOURSELF""",Machine washable on low heat,,0.94,9.9,1,Approx 12-14 WEEKS ,$310,$340,$645,$780,"21""","19""","4""",,,,YES,"21""","19""","4""",9.9,,,,,,,,,,,,,,,,,,,,,,,,,,,,
95-543125020579-2,"MALLOY SOFA, BLACK STEEL",543125579-01,"MALLOY SEAT/CUSHION COVERS, 59""X79""",KENYA GRAVEL,579,KENYA GRAVEL,Dry cleaning,Black Metal,53.5229,250.89,4,6-10 DAYS,"$1,600","$1,780","$3,495","$4,095","82 1/4""","35 3/4""","19""","59""x79""","16""",POCKET SPRING DUAL,YES,"82 1/4""","35 3/4""","19""",142.34,"80 3/4""","40 1/4""","9 1/2""",85.8,"45""","32 1/2""","10 1/2""",39.38,"87 1/2""","9""","4 1/2""",25.52,,,,,,,,,,,,,,,,
95-543125020590-2,"MALLOY SOFA, BLACK STEEL",543125590-01,"MALLOY SEAT/CUSHION COVERS, 59""X79""",MICRO CHECK,590,MICRO CHECK,Dry cleaning,Black Metal,53.5229,250.89,4,6-10 DAYS,"$1,600","$1,780","$3,495","$1,095","82 1/4""","35 3/4""","19""","59""x79""","16""",POCKET SPRING DUAL,YES,"82 1/4""","35 3/4""","19""",142.34,"80 3/4""","40 1/4""","9 1/2""",85.8,"45""","32 1/2""","10 1/2""",39.38,"87 1/2""","9""","4 1/2""",25.52,,,,,,,,,,,,,,,,
95-543125020XXX-2,"MALLOY SOFA, BLACK STEEL",543125XXX-01,"MALLOY SEAT/CUSHION COVERS, 59""X79""",D.I.Y,DIY,"""DESIGN IT YOURSELF""",Dry cleaning,Black Metal,53.5229,250.89,4,Approx 12-14 WEEKS ,"$1,840","$2,145","$4,020","$4,695","82 1/4""","35 3/4""","19""","59""x79""","16""",POCKET SPRING DUAL,YES,"82 1/4""","35 3/4""","19""",142.34,"80 3/4""","40 1/4""","9 1/2""",85.8,"45""","32 1/2""","10 1/2""",39.38,"87 1/2""","9""","4 1/2""",25.52,,,,,,,,,,,,,,,,
,,543126579-2,MALLOY OTTOMAN,KENYA GRAVEL,579,MELANGE LIGHT GREY,Dry cleaning,Black Metal,10.3825,44,1,6-10 DAYS,$355,$395,$795,$950,"41""","37""","9 1/2""","30""x39""","16""",POCKET SPRING DUAL,YES,"31""","30.7""","18.5""",52.8,,,,,,,,,,,,,,,,,,,,,,,,,,,,
,,543126590-2,MALLOY OTTOMAN,MICRO CHECK,590,MICRO CHECK,Dry cleaning,Black Metal,10.3825,44,1,6-10 DAYS,$355,$395,$795,$950,"41""","37""","9 1/2""","30""x39""","16""",POCKET SPRING DUAL,YES,"31""","30.7""","18.5""",52.8,,,,,,,,,,,,,,,,,,,,,,,,,,,,
,,543126XXX-2,MALLOY OTTOMAN,D.I.Y,,"""DESIGN IT YOURSELF""",Dry cleaning,Black Metal,10.3825,44,1,Approx 12-14 WEEKS ,$385,$455,$895,"$1,090","41""","37""","9 1/2""","30""x39""","16""",POCKET SPRING DUAL,YES,"31""","30.7""","18.5""",52.8,,,,,,,,,,,,,,,,,,,,,,,,,,,,
95-722081317-18-7-2,"CONLIX SOFA, SMOKED OAK LEGS",722081108-2,"CONLIX SOFA, BLACK LEGS",WHITE COTTON,,WHITE COTTON,,Smoked Oak,23.0464,148.06,2,6-10 DAYS,$900,"$1,000","$1,925","$2,295","80 3/4""","33 3/4""","13 3/4""","55""x79""","15 1/2""",POCKET SPRING,YES,"80 3/4""","33 3/4""","13 3/4""",137.94,"24 1/2""","20 1/2""","4 1/2""",10.12,,,,,,,,,,,,,,,,,,,,,,,,
95-722081318-18-7-2,"CONLIX SOFA, SMOKED OAK LEGS",722081108-2,"CONLIX SOFA, BLACK LEGS",WHITE COTTON,,WHITE COTTON,,Smoked Oak,23.0464,148.06,2,6-10 DAYS,$900,"$1,000","$1,925","$2,295","80 3/4""","33 3/4""","13 3/4""","55""x79""","15 1/2""",POCKET SPRING,YES,"80 3/4""","33 3/4""","13 3/4""",137.94,"24 1/2""","20 1/2""","4 1/2""",10.12,,,,,,,,,,,,,,,,,,,,,,,,
95-722081580-18-7-2,"CONLIX SOFA, SMOKED OAK LEGS",722081108-2,"CONLIX SOFA, BLACK LEGS",WHITE COTTON,,WHITE COTTON,,Smoked Oak,23.0464,148.06,2,6-10 DAYS,$900,"$1,000","$1,925","$2,295","80 3/4""","33 3/4""","13 3/4""","55""x79""","15 1/2""",POCKET SPRING,YES,"80 3/4""","33 3/4""","13 3/4""",137.94,"24 1/2""","20 1/2""","4 1/2""",10.12,,,,,,,,,,,,,,,,,,,,,,,,
95-722081583-18-7-2,"CONLIX SOFA, SMOKED OAK LEGS",722081108-2,"CONLIX SOFA, BLACK LEGS",WHITE COTTON,,WHITE COTTON,,Smoked Oak,23.0464,148.06,2,6-10 DAYS,$900,"$1,000","$1,925","$2,295","80 3/4""","33 3/4""","13 3/4""","55""x79""","15 1/2""",POCKET SPRING,YES,"80 3/4""","33 3/4""","13 3/4""",137.94,"24 1/2""","20 1/2""","4 1/2""",10.12,,,,,,,,,,,,,,,,,,,,,,,,
95-722081585-18-7-2,"CONLIX SOFA, SMOKED OAK LEGS",722081108-2,"CONLIX SOFA, BLACK LEGS",WHITE COTTON,,WHITE COTTON,,Smoked Oak,23.0464,148.06,2,6-10 DAYS,$900,"$1,000","$1,925","$2,295","80 3/4""","33 3/4""","13 3/4""","55""x79""","15 1/2""",POCKET SPRING,YES,"80 3/4""","33 3/4""","13 3/4""",137.94,"24 1/2""","20 1/2""","4 1/2""",10.12,,,,,,,,,,,,,,,,,,,,,,,,
95-722081XXX-18-7-2,"CONLIX SOFA, SMOKED OAK LEGS",722081108-2,"CONLIX SOFA, BLACK LEGS",WHITE COTTON,,WHITE COTTON,,Smoked Oak,23.0464,148.06,2,Approx 12-14 WEEKS ,"$1,035","$1,150","$2,195","$2,650","80 3/4""","33 3/4""","13 3/4""","55""x79""","15 1/2""",POCKET SPRING,YES,"80 3/4""","33 3/4""","13 3/4""",137.94,"24 1/2""","20 1/2""","4 1/2""",10.12,,,,,,,,,,,,,,,,,,,,,,,,
,,722081BXXX,CONLIX DETACHABLE SOFA & CUSHION COVERS,D.I.Y,,"""DESIGN IT YOURSELF""",Machine washable on low heat,,1.2537,10.12,1,Approx 12-14 WEEKS ,$310,$340,$649,$785,"24 1/2""","20 1/2""","4 1/2""",,,,YES,"24 1/2""","20 1/2""","4 1/2""",10.12,,,,,,,,,,,,,,,,,,,,,,,,,,,,
,"RECAST PLUS SOFA, DARK WOOD LEGS",742050506-10-3-2,"RECAST PLUS SOFA, DARK WOOD LEGS 55"" X 79""",ELEGANCE PAPRIKA,506,ELEGANCE PAPRIKA,Dry cleaning,Dark wood ,21.79,141.68,1,6-10 DAYS ,$805,$895,"$1,795","$2,055","80.7""","30.7""","21""","55""X79""","15""","6""  W/POCKET SPRINGS",YES,"81""","34 1/4""","14 1/4""",141.68,,,,,,,,,,,,,,,,,,,,,,,,,,,,
,"RECAST PLUS SOFA, DARK WOOD LEGS",742050515-10-3-2,"RECAST PLUS SOFA, DARK WOOD LEGS 55"" X 79""",NIST BLUE ,515,NIST BLUE ,Dry cleaning,Dark wood ,21.79,141.68,1,6-10 DAYS ,$805,$895,"$1,795","$2,055","80.7""","30.7""","21""","55""X79""","15""","6""  W/POCKET SPRINGS",YES,"81""","34 1/4""","14 1/4""",141.68,,,,,,,,,,,,,,,,,,,,,,,,,,,,
,"RECAST PLUS SOFA, DARK WOOD LEGS",742050538-10-3-2,"RECAST PLUS SOFA, DARK WOOD LEGS 55"" X 79""",MELANGE LIGHT GREY,538,MELANGE LIGHT GREY,Dry cleaning,Dark wood ,21.79,141.68,1,6-10 DAYS ,$805,$895,"$1,795","$2,055","80.7""","30.7""","21""","55""X79""","15""","6""  W/POCKET SPRINGS",YES,"81""","34 1/4""","14 1/4""",141.68,,,,,,,,,,,,,,,,,,,,,,,,,,,,
,"RECAST PLUS SOFA, DARK WOOD LEGS",742050XXX-10-3-2,"RECAST PLUS SOFA, DARK WOOD LEGS 55"" X 79""",D.I.Y,DIY,"""DESIGN IT YOURSELF""",Dry cleaning,Dark wood ,21.79,141.68,1,Approx 12-14 WEEKS ,$925,"$1,030","$2,075","$2,365","80.7""","30.7""","21""","55""X79""","15""","6""  W/POCKET SPRINGS",YES,"81""","34 1/4""","14 1/4""",141.68,,,,,,,,,,,,,,,,,,,,,,,,,,,,
95-742050506-WOOD,RECAST PLUS SOFA W/WALNUT ARMS,742050506-10-3-2,"RECAST PLUS SOFA, DARK WOOD LEGS 55"" X 79""",ELEGANCE PAPRIKA,506,ELEGANCE PAPRIKA,Dry cleaning,Dark wood ,23.89,155.76,2,6-10 DAYS ,$970,"$1,080","$2,245","$2,485","80.7""","30.7""","21""","55""X79""","15""","6""  W/POCKET SPRINGS",YES,"81""","34 1/4""","14 1/4""",141.68,"25""","19""","7.5""",14.08,,,,,,,,,,,,,,,,,,,,,,,,
95-742050515-WOOD,RECAST PLUS SOFA W/WALNUT ARMS,742050515-10-3-2,"RECAST PLUS SOFA, DARK WOOD LEGS 55"" X 79""",NIST BLUE ,515,NIST BLUE ,Dry cleaning,Dark wood ,23.89,155.76,2,6-10 DAYS ,$970,"$1,080","$2,245","$2,485","80.7""","30.7""","21""","55""X79""","15""","6""  W/POCKET SPRINGS",YES,"81""","34 1/4""","14 1/4""",141.68,"25""","19""","7.5""",14.08,,,,,,,,,,,,,,,,,,,,,,,,
95-742050538-WOOD,RECAST PLUS SOFA W/WALNUT ARMS,742050538-10-3-2,"RECAST PLUS SOFA, DARK WOOD LEGS 55"" X 79""",MELANGE LIGHT GREY,538,MELANGE LIGHT GREY,Dry cleaning,Dark wood ,23.89,155.76,2,6-10 DAYS ,$970,"$1,080","$2,245","$2,485","80.7""","30.7""","21""","55""X79""","15""","6""  W/POCKET SPRINGS",YES,"81""","34 1/4""","14 1/4""",141.68,"25""","19""","7.5""",14.08,,,,,,,,,,,,,,,,,,,,,,,,
95-742050XXX-WOOD,RECAST PLUS SOFA W/WALNUT ARMS,742050XXX-10-3-2,"RECAST PLUS SOFA, DARK WOOD LEGS 55"" X 79""",D.I.Y,DIY,"""DESIGN IT YOURSELF""",Dry cleaning,Dark wood ,23.89,155.76,2,Approx 12-14 WEEKS ,"$1,115","$1,240","$2,595","$2,855","80.7""","30.7""","21""","55""X79""","15""","6""  W/POCKET SPRINGS",YES,"81""","34 1/4""","14 1/4""",141.68,"25""","19""","7.5""",14.08,,,,,,,,,,,,,,,,,,,,,,,,
,FRODE SOFA,742048531-10-3-2,"FRODE SOFA, DARK WOOD LEGS, 55""X79""",BOUCLE OFF WHITE,531,BOUCLE OFF WHITE,Dry cleaning,Dark wood ,29.60,159.5,1,6-10 DAYS ,$990,"$1,100","$1,995","$2,530","80.7""","34.3""","18.5""","55""x79""","18""","6""  W/POCKET SPRINGS",YES,"80 3/4""","34 1/4""","18 1/2""",159.5,,,,,,,,,,,,,,,,,,,,,,,,,,,,
,FRODE SOFA,742048565-10-3-2,"FRODE SOFA, DARK WOOD LEGS, 55""X79""",TWIST GRANITE,565,TWIST GRANITE,Dry cleaning,Dark wood ,29.60,159.5,1,6-10 DAYS ,$990,"$1,100","$1,995","$2,530","80.7""","34.3""","18.5""","55""x79""","18""","6""  W/POCKET SPRINGS",YES,"80 3/4""","34 1/4""","18 1/2""",159.5,,,,,,,,,,,,,,,,,,,,,,,,,,,,
,FRODE SOFA,742048XXX-10-3-2,"FRODE SOFA, DARK WOOD LEGS, 55""X79""",D.I.Y,DIY,"""DESIGN IT YOURSELF""",Dry cleaning,Dark wood ,29.60,159.5,1,Approx 12-14 WEEKS ,"$1,135","$1,265","$2,295","$2,895","80.7""","34.3""","18.5""","55""x79""","18""","6""  W/POCKET SPRINGS",YES,"80 3/4""","34 1/4""","18 1/2""",159.5,,,,,,,,,,,,,,,,,,,,,,,,,,,,
95-742048531-10-3-2,FRODE SOFA W/UPHOLSTERED ARMS,742048531-10-3-2,"FRODE SOFA, DARK WOOD LEGS, 55""X79""",BOUCLE OFF WHITE,531,BOUCLE OFF WHITE,Dry cleaning,Dark wood ,34.79,191.4,2,6-10 DAYS ,"$1,215","$1,350","$2,495","$3,095","80.7""","34.3""","18.5""","55""x79""","18""","6""  W/POCKET SPRINGS",YES,80 3/4,"34 1/4""",18 1/2,159.5,37 1/2,17 1/4,13 1/2,31.9,,,,,,,,,,,,,,,,,,,,,,,,
95-742048565-10-3-2,FRODE SOFA W/UPHOLSTERED ARMS,742048565-10-3-2,"FRODE SOFA, DARK WOOD LEGS, 55""X79""",TWIST GRANITE,565,TWIST GRANITE,Dry cleaning,Dark wood ,34.79,191.4,2,6-10 DAYS ,"$1,215","$1,350","$2,495","$3,095","80.7""","34.3""","18.5""","55""x79""","18""","6""  W/POCKET SPRINGS",YES,80 3/4,"34 1/4""",18 1/2,159.5,37 1/2,17 1/4,13 1/2,31.9,,,,,,,,,,,,,,,,,,,,,,,,
95-742048XXX-10-3-2,FRODE SOFA W/UPHOLSTERED ARMS,742048XXX-10-3-2,"FRODE SOFA, DARK WOOD LEGS, 55""X79""",D.I.Y,DIY,"""DESIGN IT YOURSELF""",Dry cleaning,Dark wood ,34.79,191.4,2,Approx 12-14 WEEKS ,"$1,395","$1,550","$2,875","$3,570","80.7""","34.3""","18.5""","55""x79""","18""","6""  W/POCKET SPRINGS",YES,80 3/4,"34 1/4""",18 1/2,159.5,37 1/2,17 1/4,13 1/2,31.9,,,,,,,,,,,,,,,,,,,,,,,,
95-742048020531-WOOD,FRODE SOFA W/WOOD ARMS,742048531-10-3-2,"FRODE SOFA, DARK WOOD LEGS, 55""X79""",BOUCLE OFF WHITE,531,BOUCLE OFF WHITE,Dry cleaning,Dark wood ,34.79,191.4,2,6-10 DAYS ,"$1,215","$1,350","$2,495","$3,095","80.7""","34.3""","18.5""","55""x79""","18""","6""  W/POCKET SPRINGS",YES,80 3/4,"34 1/4""",18 1/2,159.5,"25""","19""","7.5""",14.08,,,,,,,,,,,,,,,,,,,,,,,,
95-742048020565-WOOD,FRODE SOFA W/WOOD ARMS,742048565-10-3-2,"FRODE SOFA, DARK WOOD LEGS, 55""X79""",TWIST GRANITE,565,TWIST GRANITE,Dry cleaning,Dark wood ,34.79,191.4,2,6-10 DAYS ,"$1,215","$1,350","$2,495","$3,095","80.7""","34.3""","18.5""","55""x79""","18""","6""  W/POCKET SPRINGS",YES,80 3/4,"34 1/4""",18 1/2,159.5,"25""","19""","7.5""",14.08,,,,,,,,,,,,,,,,,,,,,,,,
95-742048020XXX-WOOD,FRODE SOFA W/WOOD ARMS,742048XXX-10-3-2,"FRODE SOFA, DARK WOOD LEGS, 55""X79""",D.I.Y,DIY,"""DESIGN IT YOURSELF""",Dry cleaning,Dark wood ,34.79,191.4,2,Approx 12-14 WEEKS ,"$1,395","$1,550","$2,875","$3,570","80.7""","34.3""","18.5""","55""x79""","18""","6""  W/POCKET SPRINGS",YES,80 3/4,"34 1/4""",18 1/2,159.5,"25""","19""","7.5""",14.08,,,,,,,,,,,,,,,,,,,,,,,,
95-543091538-2,"OSVALD SOFA, FULL",543091538-01-2,"LIFTER SOFA SEAT, CUSHION & BOTTOM FRAME, 55""X79""",MELANGE LIGHT GREY,538,MELANGE LIGHT GREY,Dry cleaning,Black steel,41.2,211.86,2,6-10 DAYS ,"$1,350","$1,500","$2,995","$3,450","81""","34.5""","18""","59""X79""","17""","7"" W/POCKET SPRINGS",YES,"81""","34 1/2""","17 3/4""",147.84,"81""","28""","9 1/2""",64.02,,,,,,,,,,,,,,,,,,,,,,,,
95-543091579-2,"OSVALD SOFA, FULL",543091579-01-2,"LIFTER SOFA SEAT, CUSHION & BOTTOM FRAME, 55""X79""",KENYA GRAVEL,579,KENYA GRAVEL,Dry cleaning,Black steel,41.2,211.86,2,6-10 DAYS ,"$1,350","$1,500","$2,995","$3,450","81""","34.5""","18""","59""X79""","17""","7"" W/POCKET SPRINGS",YES,"81""","34 1/2""","17 3/4""",147.84,"81""","28""","9 1/2""",64.02,,,,,,,,,,,,,,,,,,,,,,,,
95-543091XXX-2,"OSVALD SOFA, FULL",543091XXX-01-2,"LIFTER SOFA SEAT, CUSHION & BOTTOM FRAME, 55""X79""",D.I.Y,DIY,"""DESIGN IT YOURSELF""",Dry cleaning,Black steel,41.2,211.86,2,Approx 12-14 WEEKS ,"$1,550","$1,725","$3,445","$3,445","81""","34.5""","18""","59""X79""","17""","7"" W/POCKET SPRINGS",YES,"81""","34 1/2""","17 3/4""",147.84,"81""","28""","9 1/2""",64.02,,,,,,,,,,,,,,,,,,,,,,,,
95-543091020538-01-2,"TRIPI SOFA W/ARMS, FULL",543091538-01-2,"LIFTER SOFA SEAT, CUSHION & BOTTOM FRAME, 55""X79""",MELANGE LIGHT GREY,538,MELANGE LIGHT GREY,Dry cleaning,,47.69,255.86,3,6-10 DAYS,"$1,530","$1,700","$3,295","$3,895","81""","34.5""","18""","59""X79""","17""","7"" W/POCKET SPRINGS",YES,"81""","34 1/2""","17 3/4""",147.84,"81""","28""","9 1/2""",64.02,"40.5""","26.3""","10.2""",57.2,,,,,,,,,,,,,,,,,,,,
95-543091020579-01-2,"TRIPI SOFA W/ARMS, FULL",543091579-01-2,"LIFTER SOFA SEAT, CUSHION & BOTTOM FRAME, 55""X79""",KENYA GRAVEL,579,KENYA GRAVEL,Dry cleaning,,47.69,255.86,3,6-10 DAYS,"$1,530","$1,700","$3,295","$3,895","81""","34.5""","18""","59""X79""","17""","7"" W/POCKET SPRINGS",YES,"81""","34 1/2""","17 3/4""",147.84,"81""","28""","9 1/2""",64.02,"40.5""","26.3""","10.2""",57.2,,,,,,,,,,,,,,,,,,,,
95-543091020XXX-01-2,"TRIPI SOFA W/ARMS, FULL",543085XXX-01-2,"LIFTER SOFA SEAT, CUSHION & BOTTOM FRAME, 55""X79""",D.I.Y,DIY,"""DESIGN IT YOURSELF""",Dry cleaning,,47.69,255.86,3,Approx 12-14 WEEKS ,"$1,760","$1,955","$3,795","$3,795","81""","34.5""","18""","59""X79""","17""","7"" W/POCKET SPRINGS",YES,"81""","34 1/2""","17 3/4""",147.84,"81""","28""","9 1/2""",64.02,"40.5""","26.3""","10.2""",57.2,,,,,,,,,,,,,,,,,,,,
,,543062538,"CORNILA OTTOMAN, 30""X30""X17""",MELANGE LIGHT GREY,538,MELANGE LIGHT GREY,Dry cleaning,,10.23,52.8,1,6-10 DAYS,$375,$420,$865,$865,"31""","30.7""","18.5""",,"17""",,NO,"31""","30 1/2""","18.5""",52.8,,,,,,,,,,,,,,,,,,,,,,,,,,,,
,,543062579,"CORNILA OTTOMAN, 30""X30""X17""",KENYA GRAVEL,579,KENYA GRAVEL,Dry cleaning,,10.23,52.8,1,6-10 DAYS,$375,$420,$865,$865,"31""","30.7""","18.5""",,"17""",,NO,"31""","30 1/2""","18 1/2""",52.8,,,,,,,,,,,,,,,,,,,,,,,,,,,,
,,543062XXX,"CORNILA OTTOMAN, 30""X30""X17""",DIY,DIY,"""DESIGN IT YOURSELF""",,,10.23,52.8,1,Approx 12-14 WEEKS ,$430,$485,$995,$995,"31""","30.7""","18.5""",,"17""",,NO,"31""","30 1/2""","18 1/2""",52.8,,,,,,,,,,,,,,,,,,,,,,,,,,,,
95-748082020527-7-2,"CALUMA QUILT SOFA BED, SMOKED OAK",7480820013527,"DELUXE SOFA SEAT, 55'X91""",MIXED DANCE NATURAL,527,MIXED DANCE NATURAL,Dry cleaning,Smoked Oak,29.07,192.28,4,6-10 DAYS ,"$1,325","$1,470","$2,795","$2,795","80""","31.8""","21""","55""X79""","16""","7"" W/POCKET SPRINGS",YES,"80""","31 3/4""","7 3/4""",68.2,"80""","25 1/2""","12 1/2""",70.84,"81 1/2""","5 1/2""","4""",29.04,"38 1/2""","25 1/2""","5 1/2""",24.2,,,,,,,,,,,,,,,,
95-748082020538-7-2,"CALUMA QUILT SOFA BED, SMOKED OAK",7480820013538,"DELUXE SOFA SEAT, 55'X91""",MELANGE LIGHT GREY,538,MELANGE LIGHT GREY,Dry cleaning,Smoked Oak,29.07,192.28,4,6-10 DAYS ,"$1,325","$1,470","$2,795","$2,795","80""","31.8""","21""","55""X79""","16""","7"" W/POCKET SPRINGS",YES,"80""","31 3/4""","7 3/4""",68.2,"80""","25 1/2""","12 1/2""",70.84,"81 1/2""","5 1/2""","4""",29.04,"38 1/2""","25 1/2""","5 1/2""",24.2,,,,,,,,,,,,,,,,
95-748082020XXX-7-2,"CALUMA QUILT SOFA BED, SMOKED OAK",7480820013XXX,"DELUXE SOFA SEAT, 55'X91""",D.I.Y,DIY,"""DESIGN IT YOURSELF""",Dry cleaning,Smoked Oak,29.07,192.28,4,Approx 12-14 WEEKS ,"$1,525","$1,690","$3,215","$3,215","80""","31.8""","21""","55""X79""","16""","7"" W/POCKET SPRINGS",YES,"80""","31 3/4""","7 3/4""",68.2,"80""","25 1/2""","12 1/2""",70.84,"81 1/2""","5 1/2""","4""",29.04,"38 1/2""","25 1/2""","5 1/2""",24.2,,,,,,,,,,,,,,,,
95-748082004527-0-2,CASSIUS QUILT DELUXE SOFA CHROME,7480820013527,"DELUXE SOFA SEAT, 55'X91""",MIXED DANCE NATURAL,527,MIXED DANCE NATURAL,Dry cleaning,Chrome legs ,33.66,240.04,4,6-10 DAYS ,"$1,325","$1,470","$2,795","$2,795","80""","31.8""","21""","55""X79""","16""","7"" W/POCKET SPRINGS",YES,"80""","31 3/4""","7 3/4""",68.2,"80""","25 1/2""","12 1/2""",70.84,"37 1/2""","17 1/4""","13 1/2""",41.36,"87 1/2""","15 1/2""","6 1/4""",59.64,,,,,,,,,,,,,,,,
95-748082004538-0-2,CASSIUS QUILT DELUXE SOFA CHROME,7480820013538,"DELUXE SOFA SEAT, 55'X91""",MELANGE LIGHT GREY,538,MELANGE LIGHT GREY,Dry cleaning,Chrome legs ,33.66,240.04,4,6-10 DAYS ,"$1,325","$1,470","$2,795","$2,795","80""","31.8""","21""","55""X79""","16""","7"" W/POCKET SPRINGS",YES,"80""","31 3/4""","7 3/4""",68.2,"80""","25 1/2""","12 1/2""",70.84,"37 1/2""","17 1/4""","13 1/2""",41.36,"87 1/2""","15 1/2""","6 1/4""",59.64,,,,,,,,,,,,,,,,
95-748082004XXX-0-2,CASSIUS QUILT DELUXE SOFA CHROME,7480820013XXX,"DELUXE SOFA SEAT, 55'X91""",D.I.Y,DIY,"""DESIGN IT YOURSELF""",Dry cleaning,Chrome legs ,33.66,240.04,4,6-10 DAYS ,"$1,525","$1,690","$3,215","$3,215","80""","31.8""","21""","55""X79""","16""","7"" W/POCKET SPRINGS",YES,"80""","31 3/4""","7 3/4""",68.2,"80""","25 1/2""","12 1/2""",70.84,"37 1/2""","17 1/4""","13 1/2""",41.36,"87 1/2""","15 1/2""","6 1/4""",59.64,,,,,,,,,,,,,,,,
95-748082004527-3-2,"CASSIUS QUILT DELUXE SOFA, WALNUT",7480820013527,"DELUXE SOFA SEAT, 55'X91""",MIXED DANCE NATURAL,527,MIXED DANCE NATURAL,Dry cleaning,Dark wood,31.59,218.75,5,6-10 DAYS ,"$1,325","$1,470","$2,795","$2,795","80""","31.8""","21""","55""X79""","16""","7"" W/POCKET SPRINGS",YES,"80""","31 3/4""","7 3/4""",68.2,"80""","25 1/2""","12 1/2""",70.84,"37 1/2""","17 1/4""","13 1/2""",41.36,"91 3/4""","6 1/4""","4 1/4""",30.8,"39 1/4""","13""","1 3/4""",7.92,,,,,,,,,,,,
95-748082004538-3-2,"CASSIUS QUILT DELUXE SOFA, WALNUT",7480820013538,"DELUXE SOFA SEAT, 55'X91""",MELANGE LIGHT GREY,538,MELANGE LIGHT GREY,Dry cleaning,Dark wood,31.59,218.75,5,6-10 DAYS ,"$1,325","$1,470","$2,795","$2,795","80""","31.8""","21""","55""X79""","16""","7"" W/POCKET SPRINGS",YES,"80""","31 3/4""","7 3/4""",68.2,"80""","25 1/2""","12 1/2""",70.84,"37 1/2""","17 1/4""","13 1/2""",41.36,"91 3/4""","6 1/4""","4 1/4""",30.8,"39 1/4""","13""","1 3/4""",7.92,,,,,,,,,,,,
95-748082004XXX-3-2,"CASSIUS QUILT DELUXE SOFA, WALNUT",7480820013XXX,"DELUXE SOFA SEAT, 55'X91""",D.I.Y,DIY,"""DESIGN IT YOURSELF""",Dry cleaning,Dark wood,31.59,218.75,5,6-10 DAYS ,"$1,525","$1,690","$3,215","$3,215","80""","31.8""","21""","55""X79""","16""","7"" W/POCKET SPRINGS",YES,"80""","31 3/4""","7 3/4""",68.2,"80""","25 1/2""","12 1/2""",70.84,"37 1/2""","17 1/4""","13 1/2""",41.36,"91 3/4""","6 1/4""","4 1/4""",30.8,"39 1/4""","13""","1 3/4""",7.92,,,,,,,,,,,,
95-748260527-0-2,SUPREMAX D.E.L. CHROME,748260527-01,"DELUXE EXCESS LOUNGER SOFA SEAT, 60""X79""",MIXED DANCE NATURAL,527,MIXED DANCE NATURAL,Dry cleaning,Chrome legs ,35.87,209.42,3,6-10 DAYS ,"$1,260","$1,400","$2,675","$2,795","80.7""","37,7""","21""","63""X79""","16""","10""  W/POCKET SPRINGS",YES,"81""","37 3/4""","10 1/2""",96.25,"81""","32 1/4""","10 1/2""",83.38,"76 1/2""","7""","4""",38.7,,,,,,,,,,,,,,,,,,,,
95-748260528-0-2,SUPREMAX D.E.L. CHROME,748260528-01,"DELUXE EXCESS LOUNGER SOFA SEAT, 60""X79""",MIXED DANCE BLUE,528,MIXED DANCE BLUE,Dry cleaning,Chrome legs ,35.87,209.42,3,6-10 DAYS ,"$1,260","$1,400","$2,675","$2,795","80.7""","37,7""","21""","63""X79""","16""","10""  W/POCKET SPRINGS",YES,"81""","37 3/4""","10 1/2""",96.25,"81""","32 1/4""","10 1/2""",83.38,"76 1/2""","7""","4""",38.7,,,,,,,,,,,,,,,,,,,,
95-748260538-0-2,SUPREMAX D.E.L. CHROME,748260538-01,"DELUXE EXCESS LOUNGER SOFA SEAT, 60""X79""",MELANGE LIGHT GREY,538,MELANGE LIGHT GREY,Dry cleaning,Chrome legs ,35.87,209.42,3,6-10 DAYS ,"$1,260","$1,400","$2,675","$2,795","80.7""","37,7""","21""","63""X79""","16""","10""  W/POCKET SPRINGS",YES,"81""","37 3/4""","10 1/2""",96.25,"81""","32 1/4""","10 1/2""",83.38,"76 1/2""","7""","4""",38.7,,,,,,,,,,,,,,,,,,,,
95-748260XXX-0-2,SUPREMAX D.E.L. CHROME,748260XXX-01,"DELUXE EXCESS LOUNGER SOFA SEAT, 60""X79""",D.I.Y,DIY,"""DESIGN IT YOURSELF""",Dry cleaning,Chrome legs ,35.87,209.42,3,Approx 12-14 WEEKS ,"$1,450","$1,610","$3,075","$3,215","80.7""","37,7""","21""","63""X79""","16""","10""  W/POCKET SPRINGS",YES,"81""","37 3/4""","10 1/2""",96.25,"81""","32 1/4""","10 1/2""",83.38,"76 1/2""","7""","4""",38.7,,,,,,,,,,,,,,,,,,,,
95-748282527-0-2,CASSIUS D.E.L. CHROME,748260527-01,"DELUXE EXCESS LOUNGER SOFA SEAT, 60""X79""",MIXED DANCE NATURAL,527,MIXED DANCE NATURAL,Dry cleaning,Chrome legs ,45.38,283.47,4,6-10 DAYS ,"$1,620","$1,800","$3,495","$4,140","81""","38""","30""","63""X79""","16""","10""  W/POCKET SPRINGS",YES,"81""","37 3/4""","10 1/2""",96.25,"81""","32 1/4""","10 1/2""",83.38,"46 3/4""","22""","14 1/4""",55,"91 1/4""","15 1/4""","6 1/4""",57.75,,,,,,,,,,,,,,,,
95-748282528-0-2,CASSIUS D.E.L. CHROME,748260528-01,"DELUXE EXCESS LOUNGER SOFA SEAT, 60""X79""",MIXED DANCE BLUE,528,MIXED DANCE BLUE,Dry cleaning,Chrome legs ,45.38,283.47,4,6-10 DAYS ,"$1,620","$1,800","$3,495","$4,140","81""","38""","30""","63""X79""","16""","10""  W/POCKET SPRINGS",YES,"81""","37 3/4""","10 1/2""",96.25,"81""","32 1/4""","10 1/2""",83.38,"46 3/4""","22""","14 1/4""",55,"91 1/4""","15 1/4""","6 1/4""",57.75,,,,,,,,,,,,,,,,
95-748282538-0-2,CASSIUS D.E.L. CHROME,748260538-01,"DELUXE EXCESS LOUNGER SOFA SEAT, 60""X79""",MELANGE LIGHT GREY,538,MELANGE LIGHT GREY,Dry cleaning,Chrome legs ,45.38,283.47,4,6-10 DAYS ,"$1,620","$1,800","$3,495","$4,140","81""","38""","30""","63""X79""","16""","10""  W/POCKET SPRINGS",YES,"81""","37 3/4""","10 1/2""",96.25,"81""","32 1/4""","10 1/2""",83.38,"46 3/4""","22""","14 1/4""",55,"91 1/4""","15 1/4""","6 1/4""",57.75,,,,,,,,,,,,,,,,
95-748282XXX-0-2,CASSIUS D.E.L. CHROME,748260XXX-01,"DELUXE EXCESS LOUNGER SOFA SEAT, 60""X79""",D.I.Y,DIY,"""DESIGN IT YOURSELF""",Dry cleaning,Chrome legs ,45.38,283.47,4,Approx 12-14 WEEKS ,"$1,860","$2,070","$4,025","$4,750","81""","38""","30""","63""X79""","16""","10""  W/POCKET SPRINGS",YES,"81""","37 3/4""","10 1/2""",96.25,"81""","32 1/4""","10 1/2""",83.38,"46 3/4""","22""","14 1/4""",55,"91 1/4""","15 1/4""","6 1/4""",57.75,,,,,,,,,,,,,,,,
95-748263527-3,"RAN D.E.L. SOFA, WALNUT ",748260527-01,"D.E.L. SOFA SEAT, 63""X91""",MIXED DANCE NATURAL,527,MIXED DANCE NATURAL,Dry cleaning,Dark wood,39.98,243.65,4,6-10 DAYS ,"$1,620","$1,800","$3,495","$4,140","80.3""","31.5""","9.5""","63""X79""","16""","10""  W/POCKET SPRINGS",YES,"81""","37 3/4""","10 1/2""",96.25,"81""","32 1/4""","10 1/2""",83.38,78 3/4,5 1/2,3 1/2,35.42,41 1/4,24 3/4,3 1/2,28.6,,,,,,,,,,,,,,,,
95-748263528-3,"RAN D.E.L. SOFA, WALNUT ",748260528-01,"D.E.L. SOFA SEAT, 63""X91""",MIXED DANCE BLUE,528,MIXED DANCE NATURAL,Dry cleaning,Dark wood,39.98,243.65,4,6-10 DAYS ,"$1,620","$1,800","$3,495","$4,140","80.3""","31.5""","9.5""","63""X79""","16""","10""  W/POCKET SPRINGS",YES,"81""","37 3/4""","10 1/2""",96.25,"81""","32 1/4""","10 1/2""",83.38,78 3/4,5 1/2,3 1/2,35.42,41 1/4,24 3/4,3 1/2,28.6,,,,,,,,,,,,,,,,
95-748263538-3,"RAN D.E.L. SOFA, WALNUT ",748260538-01,"D.E.L. SOFA SEAT, 63""X91""",MELANGE LIGHT GREY,538,MELANGE LIGHT GREY,Dry cleaning,Dark wood,39.98,243.65,4,6-10 DAYS ,"$1,620","$1,800","$3,495","$4,140","80.3""","31.5""","9.5""","63""X79""","16""","10""  W/POCKET SPRINGS",YES,"81""","37 3/4""","10 1/2""",96.25,"81""","32 1/4""","10 1/2""",83.38,78 3/4,5 1/2,3 1/2,35.42,41 1/4,24 3/4,3 1/2,28.6,,,,,,,,,,,,,,,,
95-748263XXX-3,"RAN D.E.L. SOFA, WALNUT ",748260XXX-01,"D.E.L. SOFA SEAT, 63""X91""",D.I.Y,DIY,"""DESIGN IT YOURSELF""",Dry cleaning,Dark wood,39.98,243.65,4,Approx 12-14 WEEKS ,"$1,860","$2,070","$4,025","$4,750","80.3""","31.5""","9.5""","63""X79""","16""","10""  W/POCKET SPRINGS",YES,"81""","37 3/4""","10 1/2""",96.25,"81""","32 1/4""","10 1/2""",83.38,78 3/4,5 1/2,3 1/2,35.42,41 1/4,24 3/4,3 1/2,28.6,,,,,,,,,,,,,,,,
95-748190527-4,"GRAND D.E.L. SOFA, BLACK WOOD",748260527-01,"D.E.L. SOFA SEAT, 63""X91""",MIXED DANCE NATURAL,527,MIXED DANCE NATURAL,Dry cleaning,Black wood,54.65,351.89,8,6-10 DAYS ,"$1,870","$2,080","$3,995","$4,785","81""","38""","30""","63""X79""","16""","10""  W/POCKET SPRINGS",YES,"81""","37 3/4""","10 1/2""",96.25,"81""","32 1/4""","10 1/2""",83.38,"46 1/2""","33 1/2""","16 1/4""",83.6,"33""","12 1/2""","5 1/2""",25.3,"79""","5 3/4""","3 1/4""",34.76,"22 3/4""","17 1/4""","5 1/4""",7.7,"22 3/4""","17 1/4""","5 1/4""",7.7,"43 1/4""","6 1/4""","4 1/4""",13.2
95-748190528-4,"GRAND D.E.L. SOFA, BLACK WOOD",748260528-01,"D.E.L. SOFA SEAT, 63""X91""",MIXED DANCE BLUE,528,MIXED DANCE NATURAL,Dry cleaning,Black wood,54.65,351.89,8,6-10 DAYS ,"$1,870","$2,080","$3,995","$4,785","81""","38""","30""","63""X79""","16""","10""  W/POCKET SPRINGS",YES,"81""","37 3/4""","10 1/2""",96.25,"81""","32 1/4""","10 1/2""",83.38,"46 1/2""","33 1/2""","16 1/4""",83.6,"33""","12 1/2""","5 1/2""",25.3,"79""","5 3/4""","3 1/4""",34.76,"22 3/4""","17 1/4""","5 1/4""",7.7,"22 3/4""","17 1/4""","5 1/4""",7.7,"43 1/4""","6 1/4""","4 1/4""",13.2
95-748190538-4,"GRAND D.E.L. SOFA, BLACK WOOD",748260538-01,"D.E.L. SOFA SEAT, 63""X91""",MELANGE LIGHT GREY,538,MELANGE LIGHT GREY,Dry cleaning,Black wood,54.65,351.89,8,6-10 DAYS ,"$1,870","$2,080","$3,995","$4,785","81""","38""","30""","63""X79""","16""","10""  W/POCKET SPRINGS",YES,"81""","37 3/4""","10 1/2""",96.25,"81""","32 1/4""","10 1/2""",83.38,"46 1/2""","33 1/2""","16 1/4""",83.6,"33""","12 1/2""","5 1/2""",25.3,"79""","5 3/4""","3 1/4""",34.76,"22 3/4""","17 1/4""","5 1/4""",7.7,"22 3/4""","17 1/4""","5 1/4""",7.7,"43 1/4""","6 1/4""","4 1/4""",13.2
95-748190XXX-4,"GRAND D.E.L. SOFA, BLACK WOOD",748260XXX-01,"D.E.L. SOFA SEAT, 63""X91""",D.I.Y,DIY,"""DESIGN IT YOURSELF""",Dry cleaning,Black wood,54.65,351.89,8,Approx 12-14 WEEKS ,"$2,150","$2,395","$4,595","$5,495","81""","38""","30""","63""X79""","16""","10""  W/POCKET SPRINGS",YES,"81""","37 3/4""","10 1/2""",96.25,"81""","32 1/4""","10 1/2""",83.38,"46 1/2""","33 1/2""","16 1/4""",83.6,"33""","12 1/2""","5 1/2""",25.3,"79""","5 3/4""","3 1/4""",34.76,"22 3/4""","17 1/4""","5 1/4""",7.7,"22 3/4""","17 1/4""","5 1/4""",7.7,"43 1/4""","6 1/4""","4 1/4""",13.2
95-748251527-0,"DELUXE EXCESS OTTOMAN, CHROME",748251527,"DELUXE EXCESS PUFF, 25""X25""",MIXED DANCE NATURAL,527,MIXED DANCE NATURAL,Dry cleaning,Chrome legs ,5.12,41,2,6-10 DAYS ,$265,$295,$595,$725,"28""","28""","10.5""","25""x25""","16""","10""  W/POCKET SPRINGS",YES,"28 1/4""","28""",10 1/2,30,"27 1/2""","7 1/2""","3 1/4""",11,,,,,,,,,,,,,,,,,,,,,,,,
95-748251528-0,"DELUXE EXCESS OTTOMAN, CHROME",748251528,"DELUXE EXCESS PUFF, 25""X25""",MIXED DANCE BLUE,528,MIXED DANCE NATURAL,Dry cleaning,Chrome legs ,5.12,41,2,6-10 DAYS ,$265,$295,$595,$725,"28""","28""","10.5""","25""x25""","16""","10""  W/POCKET SPRINGS",YES,"28 1/4""","28""",10 1/2,30,"27 1/2""","7 1/2""","3 1/4""",11,,,,,,,,,,,,,,,,,,,,,,,,
95-748251538-0,"DELUXE EXCESS OTTOMAN, CHROME",748251538,"DELUXE EXCESS PUFF, 25""X25""",MELANGE LIGHT GREY,538,MELANGE LIGHT GREY,Dry cleaning,Chrome legs ,5.12,41,2,6-10 DAYS ,$265,$295,$595,$725,"28""","28""","10.5""","25""x25""","16""","10""  W/POCKET SPRINGS",YES,"28 1/4""","28""",10 1/2,30,"27 1/2""","7 1/2""","3 1/4""",11,,,,,,,,,,,,,,,,,,,,,,,,
95-748251XXX-0,"DELUXE EXCESS OTTOMAN, CHROME",748251XXX,"DELUXE EXCESS PUFF, 25""X25""",D.I.Y,DIY,"""DESIGN IT YOURSELF""",Dry cleaning,Chrome legs ,5.12,41,2,Approx 12-14 WEEKS ,$305,$340,$685,$825,"28""","28""","10.5""","25""x25""","16""","10""  W/POCKET SPRINGS",YES,"28 1/4""","28""",10 1/2,30,"27 1/2""","7 1/2""","3 1/4""",11,,,,,,,,,,,,,,,,,,,,,,,,
95-748251527-3,"DELUXE EXCESS OTTOMAN, BLACK WOOD ",748251527,"DELUXE EXCESS PUFF, 25""X25""",MIXED DANCE NATURAL,527,MIXED DANCE NATURAL,Dry cleaning,Dark Wood,5.12,41,2,6-10 DAYS ,$265,$295,$595,$725,"28""","28""","10.5""","25""x25""","16""","10""  W/POCKET SPRINGS",YES,"28 1/4""","28""",10 1/2,30,"27 1/2""","7 1/2""","3 1/4""",11,,,,,,,,,,,,,,,,,,,,,,,,
95-748251528-3,"DELUXE EXCESS OTTOMAN, BLACK WOOD ",748251528,"DELUXE EXCESS PUFF, 25""X25""",MIXED DANCE BLUE,528,MIXED DANCE NATURAL,Dry cleaning,Dark Wood,5.12,41,2,6-10 DAYS ,$265,$295,$595,$725,"28""","28""","10.5""","25""x25""","16""","10""  W/POCKET SPRINGS",YES,"28 1/4""","28""",10 1/2,30,"27 1/2""","7 1/2""","3 1/4""",11,,,,,,,,,,,,,,,,,,,,,,,,
95-748251538-3,"DELUXE EXCESS OTTOMAN, BLACK WOOD ",748251538,"DELUXE EXCESS PUFF, 25""X25""",MELANGE LIGHT GREY,538,MELANGE LIGHT GREY,Dry cleaning,Dark Wood,5.12,41,2,6-10 DAYS ,$265,$295,$595,$725,"28""","28""","10.5""","25""x25""","16""","10""  W/POCKET SPRINGS",YES,"28 1/4""","28""",10 1/2,30,"27 1/2""","7 1/2""","3 1/4""",11,,,,,,,,,,,,,,,,,,,,,,,,
95-748251XXX-3,"DELUXE EXCESS OTTOMAN, BLACK WOOD ",748251XXX,"DELUXE EXCESS PUFF, 25""X25""",D.I.Y,DIY,"""DESIGN IT YOURSELF""",Dry cleaning,Dark Wood,5.12,41,2,Approx 12-14 WEEKS ,$305,$340,$685,$825,"28""","28""","10.5""","25""x25""","16""","10""  W/POCKET SPRINGS",YES,"28 1/4""","28""",10 1/2,30,"27 1/2""","7 1/2""","3 1/4""",11,,,,,,,,,,,,,,,,,,,,,,,,
14120,INNO PILLOW TOPPER,14120,,WHITE COTTON,14120,WHITE COTTON,Washable hot,,4.9312,9.1,1,6-10 DAYS ,$175,$190,$360,$440,"40""","14.5""","14.5""","47""x79""x2.75""",,,NO,"40 1/4""","14 1/2""","14 1/2""",9.1,,,,,,,,,,,,,,,,,,,,,,,,,,,,
14140,INNO PILLOW TOPPER,14140,,WHITE COTTON,14140,WHITE COTTON,Washable hot,,4.9312,11.7,1,6-10 DAYS ,$180,$200,$380,$460,"40""","14.5""","14.5""","55""x79""x2.75""",,,NO,"40 1/4""","14 1/2""","14 1/2""",11.2,,,,,,,,,,,,,,,,,,,,,,,,,,,,
14160,INNO PILLOW TOPPER,14160,,WHITE COTTON,14160,WHITE COTTON,Washable hot,,4.9312,12.5,1,6-10 DAYS ,$190,$210,$395,$485,"40""","14.5""","14.5""","63""x79""x2.75""",,,NO,"40 1/4""","14 1/2""","14 1/2""",12.5,,,,,,,,,,,,,,,,,,,,,,,,,,,,